-- phpMyAdmin SQL Dump
-- version 5.2.1
-- https://www.phpmyadmin.net/
--
-- Host: 127.0.0.1
-- Generation Time: Apr 25, 2026 at 09:05 PM
-- Server version: 10.4.32-MariaDB
-- PHP Version: 8.2.12

SET SQL_MODE = "NO_AUTO_VALUE_ON_ZERO";
START TRANSACTION;
SET time_zone = "+00:00";


/*!40101 SET @OLD_CHARACTER_SET_CLIENT=@@CHARACTER_SET_CLIENT */;
/*!40101 SET @OLD_CHARACTER_SET_RESULTS=@@CHARACTER_SET_RESULTS */;
/*!40101 SET @OLD_COLLATION_CONNECTION=@@COLLATION_CONNECTION */;
/*!40101 SET NAMES utf8mb4 */;

--
-- Database: `vengg`
--

-- --------------------------------------------------------

--
-- Table structure for table `dep`
--

CREATE TABLE `dep` (
  `id` int(11) NOT NULL,
  `name` varchar(255) NOT NULL,
  `date_create` varchar(255) DEFAULT NULL
) ENGINE=InnoDB DEFAULT CHARSET=utf8 COLLATE=utf8_unicode_ci;

--
-- Dumping data for table `dep`
--

INSERT INTO `dep` (`id`, `name`, `date_create`) VALUES
(1, 'พนักงานคอมพิวเตอร์', '2019-08-10 17:45:49'),
(2, 'นักวิชาการคอมพิวเตอร์', '2019-08-10 17:45:49'),
(3, 'เจ้าหน้าที่ศาลยุติธรรมปฏิบัติงาน', '2019-08-10 17:45:49'),
(4, 'เจ้าหน้าที่ศาลยุติธรรมชำนาญงาน', '2019-08-10 17:45:49'),
(5, 'นักจิตวิทยาปฏิบัติการ', '2019-08-10 17:45:49'),
(6, 'พนักงานสถานที่', '2019-08-10 17:45:49'),
(7, 'พนักงานขับรถยนต์', '2019-08-10 17:45:49'),
(8, 'เจ้าหน้าที่ศาลยุติธรรม', '2019-08-10 17:45:49'),
(9, 'เจ้าพนักงานศาลยุติธรรมปฏิบัติการ', '2019-08-10 17:45:49'),
(10, 'นิติกรชำนาญการ', '2019-08-10 17:45:49'),
(11, 'เจ้าพนักงานศาลยุติธรรมชำนาญการ', '2019-08-10 17:45:49'),
(12, 'นักวิชาการเงินและบัญชีปฏิบัติการ', '2019-08-10 17:45:49'),
(13, 'เจ้าพนักงานศาลยุติธรรมชำนาญการพิเศษ', '2019-08-10 17:45:49'),
(14, 'นิติกร', '2019-08-10 17:45:49'),
(15, 'ผู้อำนวยการฯ', '2019-08-10 17:45:49'),
(17, 'พนักงานขับรถยนต์(จ้างเหมา)', NULL),
(18, 'ผู้พิพากษา', NULL),
(19, 'นิติกรชำนาญการพิเศษ', NULL),
(20, 'เจ้าพนักงานการเงินและบัญชีปฏิบัติงาน', NULL),
(21, 'นักจิตวิทยาชำนาญการ', NULL);

-- --------------------------------------------------------

--
-- Table structure for table `fname`
--

CREATE TABLE `fname` (
  `id` int(11) NOT NULL,
  `name` varchar(255) NOT NULL,
  `date_create` varchar(255) DEFAULT NULL
) ENGINE=InnoDB DEFAULT CHARSET=utf8 COLLATE=utf8_unicode_ci;

--
-- Dumping data for table `fname`
--

INSERT INTO `fname` (`id`, `name`, `date_create`) VALUES
(1, 'นาย', '2019-08-10 17:45:49'),
(2, 'นาง', '2019-08-10 17:45:50'),
(3, 'นางสาว', '2019-08-10 17:45:50'),
(4, 'พันจ่าเอก', NULL),
(5, 'พ.ต.อ.', NULL),
(6, 'พท.', NULL);

-- --------------------------------------------------------

--
-- Table structure for table `group`
--

CREATE TABLE `group` (
  `id` int(11) NOT NULL,
  `name` varchar(255) NOT NULL,
  `date_create` varchar(255) DEFAULT NULL
) ENGINE=InnoDB DEFAULT CHARSET=utf8 COLLATE=utf8_unicode_ci;

--
-- Dumping data for table `group`
--

INSERT INTO `group` (`id`, `name`, `date_create`) VALUES
(1, 'ผู้อำนวยการฯ', '2019-10-06 18:49:32'),
(2, 'กลุ่มช่วยอำนวยการ', '2019-10-06 18:49:32'),
(3, 'กลุ่มงานช่วยพิจารณาคดี', '2019-10-06 18:49:32'),
(4, 'กลุ่มงานคดี', '2019-10-06 18:49:32'),
(5, 'กลุ่มงานคลัง', '2019-10-06 18:49:32'),
(6, 'กลุ่มงานปริการประชาชนและประชาสัมพันธ์', '2019-10-06 18:49:32'),
(7, 'กลุ่มงานไกล่เกลี่ยและประนอมข้อพิพาท', '2019-10-06 18:49:32'),
(8, 'ผู้พิพากษา', NULL);

-- --------------------------------------------------------

--
-- Table structure for table `holiday`
--

CREATE TABLE `holiday` (
  `id` int(11) NOT NULL,
  `holiday_date` date NOT NULL,
  `holiday_name` varchar(255) NOT NULL
) ENGINE=InnoDB DEFAULT CHARSET=utf8 COLLATE=utf8_unicode_ci;

--
-- Dumping data for table `holiday`
--

INSERT INTO `holiday` (`id`, `holiday_date`, `holiday_name`) VALUES
(2, '2026-05-13', 'วันพืชมงคล'),
(3, '2026-05-04', 'วันฉัตรมงคล');

-- --------------------------------------------------------

--
-- Table structure for table `line`
--

CREATE TABLE `line` (
  `id` int(11) NOT NULL,
  `name` varchar(255) NOT NULL,
  `token` varchar(255) DEFAULT NULL,
  `status` smallint(6) DEFAULT 1
) ENGINE=InnoDB DEFAULT CHARSET=utf8 COLLATE=utf8_unicode_ci;

--
-- Dumping data for table `line`
--

INSERT INTO `line` (`id`, `name`, `token`, `status`) VALUES
(1, 'admin', '', 1),
(2, 'ven', '', 0),
(3, 'ven_admin', '', 0);

-- --------------------------------------------------------

--
-- Table structure for table `profile`
--

CREATE TABLE `profile` (
  `id` int(11) NOT NULL,
  `user_id` varchar(255) DEFAULT NULL,
  `id_card` varchar(255) DEFAULT NULL,
  `fname` varchar(25) DEFAULT NULL,
  `name` varchar(255) DEFAULT NULL,
  `sname` varchar(255) DEFAULT NULL,
  `img` varchar(255) DEFAULT NULL,
  `birthday` date DEFAULT NULL,
  `bloodtype` varchar(255) DEFAULT NULL,
  `dep` varchar(255) DEFAULT NULL,
  `workgroup` varchar(255) DEFAULT NULL,
  `address` varchar(255) DEFAULT NULL,
  `phone` varchar(255) DEFAULT NULL,
  `bank_account` varchar(100) DEFAULT NULL,
  `bank_comment` varchar(200) DEFAULT NULL,
  `status` smallint(6) DEFAULT 10,
  `created_at` datetime DEFAULT NULL,
  `updated_at` datetime DEFAULT NULL,
  `st` smallint(6) DEFAULT NULL
) ENGINE=InnoDB DEFAULT CHARSET=utf8 COLLATE=utf8_unicode_ci;

--
-- Dumping data for table `profile`
--

INSERT INTO `profile` (`id`, `user_id`, `id_card`, `fname`, `name`, `sname`, `img`, `birthday`, `bloodtype`, `dep`, `workgroup`, `address`, `phone`, `bank_account`, `bank_comment`, `status`, `created_at`, `updated_at`, `st`) VALUES
(1566445991, '1566445991', '', 'นาย', 'admin', 'admin', 'user_1566445991_234835.png', NULL, NULL, '', '', '', '', NULL, NULL, 10, NULL, '2023-06-19 13:24:45', 101),
(1680161948, '1680161948', NULL, 'นาย', 'ก', 'ก', NULL, NULL, NULL, 'ผู้พิพากษา', 'ผู้พิพากษา', NULL, '', '', '', 10, '2026-04-23 15:27:15', '2026-04-23 15:27:15', 0),
(1680161949, '1680161949', NULL, 'นาย', 'ข', 'ข', NULL, NULL, NULL, 'ผู้พิพากษา', 'ผู้พิพากษา', NULL, '', '', '', 10, '2026-04-23 15:27:43', '2026-04-23 15:27:43', 0),
(1680161950, '1680161950', NULL, 'นาย', 'ห', 'ห', NULL, NULL, NULL, 'นักวิชาการคอมพิวเตอร์', 'กลุ่มช่วยอำนวยการ', NULL, '', '', '', 10, '2026-04-23 15:28:13', '2026-04-23 15:28:13', 0),
(1680161951, '1680161951', NULL, 'นาย', 'ฟ', 'ฟ', NULL, NULL, NULL, 'นิติกร', 'กลุ่มงานคดี', NULL, '', '', '', 10, '2026-04-23 15:28:40', '2026-04-23 15:28:40', 0),
(1680161952, '1680161952', NULL, 'นาง', 'ทดสอบ1', 'นามสกุล1', NULL, NULL, NULL, 'นักวิชาการคอมพิวเตอร์', 'กลุ่มงานหมาย', NULL, NULL, NULL, NULL, 10, '2026-04-23 16:53:51', '2026-04-23 16:53:51', NULL),
(1680161953, '1680161953', NULL, 'นาง', 'ทดสอบ2', 'นามสกุล2', NULL, NULL, NULL, 'เจ้าพนักงานศาลยุติธรรม', 'กลุ่มงานบริการ', NULL, NULL, NULL, NULL, 10, '2026-04-23 16:53:51', '2026-04-23 16:53:51', NULL),
(1680161954, '1680161954', NULL, 'นาย', 'ทดสอบ3', 'นามสกุล3', NULL, NULL, NULL, 'พนักงานขับรถยนต์', 'กลุ่มงานบริการ', NULL, NULL, NULL, NULL, 10, '2026-04-23 16:53:51', '2026-04-23 16:53:51', NULL),
(1680161955, '1680161955', NULL, 'นาง', 'ทดสอบ4', 'นามสกุล4', NULL, NULL, NULL, 'เจ้าพนักงานศาลยุติธรรม', 'กลุ่มงานคดี', NULL, NULL, NULL, NULL, 10, '2026-04-23 16:53:51', '2026-04-23 16:53:51', NULL),
(1680161956, '1680161956', NULL, 'นางสาว', 'ทดสอบ5', 'นามสกุล5', NULL, NULL, NULL, 'พนักงานขับรถยนต์', 'กลุ่มงานบริการ', NULL, NULL, NULL, NULL, 10, '2026-04-23 16:53:51', '2026-04-23 16:53:51', NULL),
(1680161957, '1680161957', NULL, 'นาย', 'ทดสอบ6', 'นามสกุล6', NULL, NULL, NULL, 'พนักงานขับรถยนต์', 'กลุ่มงานคดี', NULL, NULL, NULL, NULL, 10, '2026-04-23 16:53:51', '2026-04-23 16:53:51', NULL),
(1680161958, '1680161958', NULL, 'นาง', 'ทดสอบ7', 'นามสกุล7', NULL, NULL, NULL, 'เจ้าพนักงานศาลยุติธรรม', 'กลุ่มช่วยอำนวยการ', NULL, NULL, NULL, NULL, 10, '2026-04-23 16:53:51', '2026-04-23 16:53:51', NULL),
(1680161959, '1680161959', NULL, 'นาง', 'ทดสอบ8', 'นามสกุล8', NULL, NULL, NULL, 'พนักงานขับรถยนต์', 'กลุ่มงานบริการ', NULL, NULL, NULL, NULL, 10, '2026-04-23 16:53:51', '2026-04-23 16:53:51', NULL),
(1680161960, '1680161960', NULL, 'นาง', 'ทดสอบ9', 'นามสกุล9', NULL, NULL, NULL, 'นิติกร', 'กลุ่มงานบริการ', NULL, NULL, NULL, NULL, 10, '2026-04-23 16:53:51', '2026-04-23 16:53:51', NULL),
(1680161961, '1680161961', NULL, 'นาย', 'ทดสอบ10', 'นามสกุล10', NULL, NULL, NULL, 'นิติกร', 'กลุ่มงานบริการ', NULL, NULL, NULL, NULL, 10, '2026-04-23 16:53:51', '2026-04-23 16:53:51', NULL),
(1680161962, '1680161962', NULL, 'นาย', 'ทดสอบ11', 'นามสกุล11', NULL, NULL, NULL, 'นิติกร', 'กลุ่มงานคดี', NULL, NULL, NULL, NULL, 10, '2026-04-23 16:53:51', '2026-04-23 16:53:51', NULL),
(1680161963, '1680161963', NULL, 'นาง', 'ทดสอบ12', 'นามสกุล12', NULL, NULL, NULL, 'พนักงานขับรถยนต์', 'กลุ่มงานคดี', NULL, NULL, NULL, NULL, 10, '2026-04-23 16:53:51', '2026-04-23 16:53:51', NULL),
(1680161964, '1680161964', NULL, 'นาง', 'ทดสอบ13', 'นามสกุล13', NULL, NULL, NULL, 'นักวิชาการคอมพิวเตอร์', 'กลุ่มงานบริการ', NULL, NULL, NULL, NULL, 10, '2026-04-23 16:53:51', '2026-04-23 16:53:51', NULL),
(1680161965, '1680161965', NULL, 'นางสาว', 'ทดสอบ14', 'นามสกุล14', NULL, NULL, NULL, 'นักวิชาการคอมพิวเตอร์', 'กลุ่มช่วยอำนวยการ', NULL, NULL, NULL, NULL, 10, '2026-04-23 16:53:51', '2026-04-23 16:53:51', NULL),
(1680161966, '1680161966', NULL, 'นาย', 'ทดสอบ15', 'นามสกุล15', NULL, NULL, NULL, 'นิติกร', 'กลุ่มช่วยอำนวยการ', NULL, NULL, NULL, NULL, 10, '2026-04-23 16:53:51', '2026-04-23 16:53:51', NULL),
(1680161967, '1680161967', NULL, 'นางสาว', 'ทดสอบ16', 'นามสกุล16', NULL, NULL, NULL, 'เจ้าพนักงานศาลยุติธรรม', 'กลุ่มงานบริการ', NULL, NULL, NULL, NULL, 10, '2026-04-23 16:53:51', '2026-04-23 16:53:51', NULL),
(1680161968, '1680161968', NULL, 'นางสาว', 'ทดสอบ17', 'นามสกุล17', NULL, NULL, NULL, 'เจ้าพนักงานศาลยุติธรรม', 'กลุ่มงานคดี', NULL, NULL, NULL, NULL, 10, '2026-04-23 16:53:51', '2026-04-23 16:53:51', NULL),
(1680161969, '1680161969', NULL, 'นาย', 'ทดสอบ18', 'นามสกุล18', NULL, NULL, NULL, 'เจ้าพนักงานศาลยุติธรรม', 'กลุ่มงานบริการ', NULL, NULL, NULL, NULL, 10, '2026-04-23 16:53:51', '2026-04-23 16:53:51', NULL),
(1680161970, '1680161970', NULL, 'นาง', 'ทดสอบ19', 'นามสกุล19', NULL, NULL, NULL, 'นิติกร', 'กลุ่มงานบริการ', NULL, NULL, NULL, NULL, 10, '2026-04-23 16:53:51', '2026-04-23 16:53:51', NULL),
(1680161971, '1680161971', NULL, 'นางสาว', 'ทดสอบ20', 'นามสกุล20', NULL, NULL, NULL, 'เจ้าพนักงานศาลยุติธรรม', 'กลุ่มงานบริการ', NULL, NULL, NULL, NULL, 10, '2026-04-23 16:53:51', '2026-04-23 16:53:51', NULL),
(2000000001, '2000000001', NULL, 'ทดสอบ', 'คนที่ 1', 'นามสกุล', NULL, NULL, NULL, NULL, NULL, NULL, NULL, NULL, NULL, 10, '2026-04-24 15:48:36', NULL, NULL),
(2000000002, '2000000002', NULL, 'ทดสอบ', 'คนที่ 2', 'นามสกุล', NULL, NULL, NULL, NULL, NULL, NULL, NULL, NULL, NULL, 10, '2026-04-24 15:48:36', NULL, NULL),
(2000000003, '2000000003', NULL, 'ทดสอบ', 'คนที่ 3', 'นามสกุล', NULL, NULL, NULL, NULL, NULL, NULL, NULL, NULL, NULL, 10, '2026-04-24 15:48:36', NULL, NULL),
(2000000004, '2000000004', NULL, 'ทดสอบ', 'คนที่ 4', 'นามสกุล', NULL, NULL, NULL, NULL, NULL, NULL, NULL, NULL, NULL, 10, '2026-04-24 15:48:36', NULL, NULL),
(2000000005, '2000000005', NULL, 'ทดสอบ', 'คนที่ 5', 'นามสกุล', NULL, NULL, NULL, NULL, NULL, NULL, NULL, NULL, NULL, 10, '2026-04-24 15:48:36', NULL, NULL),
(2000000006, '2000000006', NULL, 'ทดสอบ', 'คนที่ 6', 'นามสกุล', NULL, NULL, NULL, NULL, NULL, NULL, NULL, NULL, NULL, 10, '2026-04-24 15:48:36', NULL, NULL),
(2000000007, '2000000007', NULL, 'ทดสอบ', 'คนที่ 7', 'นามสกุล', NULL, NULL, NULL, NULL, NULL, NULL, NULL, NULL, NULL, 10, '2026-04-24 15:48:36', NULL, NULL),
(2000000008, '2000000008', NULL, 'ทดสอบ', 'คนที่ 8', 'นามสกุล', NULL, NULL, NULL, NULL, NULL, NULL, NULL, NULL, NULL, 10, '2026-04-24 15:48:36', NULL, NULL),
(2000000009, '2000000009', NULL, 'ทดสอบ', 'คนที่ 9', 'นามสกุล', NULL, NULL, NULL, NULL, NULL, NULL, NULL, NULL, NULL, 10, '2026-04-24 15:48:36', NULL, NULL),
(2000000010, '2000000010', NULL, 'ทดสอบ', 'คนที่ 10', 'นามสกุล', NULL, NULL, NULL, NULL, NULL, NULL, NULL, NULL, NULL, 10, '2026-04-24 15:48:36', NULL, NULL),
(2000000011, '2000000011', NULL, 'ทดสอบ', 'คนที่ 11', 'นามสกุล', NULL, NULL, NULL, NULL, NULL, NULL, NULL, NULL, NULL, 10, '2026-04-24 15:48:36', NULL, NULL),
(2000000012, '2000000012', NULL, 'ทดสอบ', 'คนที่ 12', 'นามสกุล', NULL, NULL, NULL, NULL, NULL, NULL, NULL, NULL, NULL, 10, '2026-04-24 15:48:36', NULL, NULL),
(2000000013, '2000000013', NULL, 'ทดสอบ', 'คนที่ 13', 'นามสกุล', NULL, NULL, NULL, NULL, NULL, NULL, NULL, NULL, NULL, 10, '2026-04-24 15:48:36', NULL, NULL),
(2000000014, '2000000014', NULL, 'ทดสอบ', 'คนที่ 14', 'นามสกุล', NULL, NULL, NULL, NULL, NULL, NULL, NULL, NULL, NULL, 10, '2026-04-24 15:48:36', NULL, NULL),
(2000000015, '2000000015', NULL, 'ทดสอบ', 'คนที่ 15', 'นามสกุล', NULL, NULL, NULL, NULL, NULL, NULL, NULL, NULL, NULL, 10, '2026-04-24 15:48:36', NULL, NULL),
(2000000016, '2000000016', NULL, 'ทดสอบ', 'คนที่ 16', 'นามสกุล', NULL, NULL, NULL, NULL, NULL, NULL, NULL, NULL, NULL, 10, '2026-04-24 15:48:36', NULL, NULL),
(2000000017, '2000000017', NULL, 'ทดสอบ', 'คนที่ 17', 'นามสกุล', NULL, NULL, NULL, NULL, NULL, NULL, NULL, NULL, NULL, 10, '2026-04-24 15:48:36', NULL, NULL),
(2000000018, '2000000018', NULL, 'ทดสอบ', 'คนที่ 18', 'นามสกุล', NULL, NULL, NULL, NULL, NULL, NULL, NULL, NULL, NULL, 10, '2026-04-24 15:48:36', NULL, NULL),
(2000000019, '2000000019', NULL, 'ทดสอบ', 'คนที่ 19', 'นามสกุล', NULL, NULL, NULL, NULL, NULL, NULL, NULL, NULL, NULL, 10, '2026-04-24 15:48:36', NULL, NULL),
(2000000020, '2000000020', NULL, 'ทดสอบ', 'คนที่ 20', 'นามสกุล', NULL, NULL, NULL, NULL, NULL, NULL, NULL, NULL, NULL, 10, '2026-04-24 15:48:36', NULL, NULL),
(2000000021, '2000000021', NULL, 'ทดสอบ', 'คนที่ 21', 'นามสกุล', NULL, NULL, NULL, NULL, NULL, NULL, NULL, NULL, NULL, 10, '2026-04-24 15:48:36', NULL, NULL),
(2000000022, '2000000022', NULL, 'ทดสอบ', 'คนที่ 22', 'นามสกุล', NULL, NULL, NULL, NULL, NULL, NULL, NULL, NULL, NULL, 10, '2026-04-24 15:48:36', NULL, NULL),
(2000000023, '2000000023', NULL, 'ทดสอบ', 'คนที่ 23', 'นามสกุล', NULL, NULL, NULL, NULL, NULL, NULL, NULL, NULL, NULL, 10, '2026-04-24 15:48:36', NULL, NULL),
(2000000024, '2000000024', NULL, 'ทดสอบ', 'คนที่ 24', 'นามสกุล', NULL, NULL, NULL, NULL, NULL, NULL, NULL, NULL, NULL, 10, '2026-04-24 15:48:36', NULL, NULL),
(2000000025, '2000000025', NULL, 'ทดสอบ', 'คนที่ 25', 'นามสกุล', NULL, NULL, NULL, NULL, NULL, NULL, NULL, NULL, NULL, 10, '2026-04-24 15:48:36', NULL, NULL),
(2000000026, '2000000026', NULL, 'ทดสอบ', 'คนที่ 26', 'นามสกุล', NULL, NULL, NULL, NULL, NULL, NULL, NULL, NULL, NULL, 10, '2026-04-24 15:48:36', NULL, NULL),
(2000000027, '2000000027', NULL, 'ทดสอบ', 'คนที่ 27', 'นามสกุล', NULL, NULL, NULL, NULL, NULL, NULL, NULL, NULL, NULL, 10, '2026-04-24 15:48:36', NULL, NULL),
(2000000028, '2000000028', NULL, 'ทดสอบ', 'คนที่ 28', 'นามสกุล', NULL, NULL, NULL, NULL, NULL, NULL, NULL, NULL, NULL, 10, '2026-04-24 15:48:36', NULL, NULL),
(2000000029, '2000000029', NULL, 'ทดสอบ', 'คนที่ 29', 'นามสกุล', NULL, NULL, NULL, NULL, NULL, NULL, NULL, NULL, NULL, 10, '2026-04-24 15:48:36', NULL, NULL),
(2000000030, '2000000030', NULL, 'ทดสอบ', 'คนที่ 30', 'นามสกุล', NULL, NULL, NULL, NULL, NULL, NULL, NULL, NULL, NULL, 10, '2026-04-24 15:48:36', NULL, NULL),
(2000000031, '2000000031', NULL, 'ทดสอบ', 'คนที่ 31', 'นามสกุล', NULL, NULL, NULL, NULL, NULL, NULL, NULL, NULL, NULL, 10, '2026-04-24 15:48:36', NULL, NULL),
(2000000032, '2000000032', NULL, 'ทดสอบ', 'คนที่ 32', 'นามสกุล', NULL, NULL, NULL, NULL, NULL, NULL, NULL, NULL, NULL, 10, '2026-04-24 15:48:36', NULL, NULL),
(2000000033, '2000000033', NULL, 'ทดสอบ', 'คนที่ 33', 'นามสกุล', NULL, NULL, NULL, NULL, NULL, NULL, NULL, NULL, NULL, 10, '2026-04-24 15:48:36', NULL, NULL),
(2000000034, '2000000034', NULL, 'ทดสอบ', 'คนที่ 34', 'นามสกุล', NULL, NULL, NULL, NULL, NULL, NULL, NULL, NULL, NULL, 10, '2026-04-24 15:48:36', NULL, NULL),
(2000000035, '2000000035', NULL, 'ทดสอบ', 'คนที่ 35', 'นามสกุล', NULL, NULL, NULL, NULL, NULL, NULL, NULL, NULL, NULL, 10, '2026-04-24 15:48:36', NULL, NULL),
(2000000036, '2000000036', NULL, 'ทดสอบ', 'คนที่ 36', 'นามสกุล', NULL, NULL, NULL, NULL, NULL, NULL, NULL, NULL, NULL, 10, '2026-04-24 15:48:36', NULL, NULL),
(2000000037, '2000000037', NULL, 'ทดสอบ', 'คนที่ 37', 'นามสกุล', NULL, NULL, NULL, NULL, NULL, NULL, NULL, NULL, NULL, 10, '2026-04-24 15:48:36', NULL, NULL),
(2000000038, '2000000038', NULL, 'ทดสอบ', 'คนที่ 38', 'นามสกุล', NULL, NULL, NULL, NULL, NULL, NULL, NULL, NULL, NULL, 10, '2026-04-24 15:48:36', NULL, NULL),
(2000000039, '2000000039', NULL, 'ทดสอบ', 'คนที่ 39', 'นามสกุล', NULL, NULL, NULL, NULL, NULL, NULL, NULL, NULL, NULL, 10, '2026-04-24 15:48:36', NULL, NULL),
(2000000040, '2000000040', NULL, 'ทดสอบ', 'คนที่ 40', 'นามสกุล', NULL, NULL, NULL, NULL, NULL, NULL, NULL, NULL, NULL, 10, '2026-04-24 15:48:36', NULL, NULL),
(2000000041, '2000000041', NULL, 'ทดสอบ', 'คนที่ 41', 'นามสกุล', NULL, NULL, NULL, NULL, NULL, NULL, NULL, NULL, NULL, 10, '2026-04-24 15:48:36', NULL, NULL),
(2000000042, '2000000042', NULL, 'ทดสอบ', 'คนที่ 42', 'นามสกุล', NULL, NULL, NULL, NULL, NULL, NULL, NULL, NULL, NULL, 10, '2026-04-24 15:48:36', NULL, NULL),
(2000000043, '2000000043', NULL, 'ทดสอบ', 'คนที่ 43', 'นามสกุล', NULL, NULL, NULL, NULL, NULL, NULL, NULL, NULL, NULL, 10, '2026-04-24 15:48:36', NULL, NULL),
(2000000044, '2000000044', NULL, 'ทดสอบ', 'คนที่ 44', 'นามสกุล', NULL, NULL, NULL, NULL, NULL, NULL, NULL, NULL, NULL, 10, '2026-04-24 15:48:36', NULL, NULL),
(2000000045, '2000000045', NULL, 'ทดสอบ', 'คนที่ 45', 'นามสกุล', NULL, NULL, NULL, NULL, NULL, NULL, NULL, NULL, NULL, 10, '2026-04-24 15:48:36', NULL, NULL),
(2000000046, '2000000046', NULL, 'ทดสอบ', 'คนที่ 46', 'นามสกุล', NULL, NULL, NULL, NULL, NULL, NULL, NULL, NULL, NULL, 10, '2026-04-24 15:48:36', NULL, NULL),
(2000000047, '2000000047', NULL, 'ทดสอบ', 'คนที่ 47', 'นามสกุล', NULL, NULL, NULL, NULL, NULL, NULL, NULL, NULL, NULL, 10, '2026-04-24 15:48:36', NULL, NULL),
(2000000048, '2000000048', NULL, 'ทดสอบ', 'คนที่ 48', 'นามสกุล', NULL, NULL, NULL, NULL, NULL, NULL, NULL, NULL, NULL, 10, '2026-04-24 15:48:36', NULL, NULL),
(2000000049, '2000000049', NULL, 'ทดสอบ', 'คนที่ 49', 'นามสกุล', NULL, NULL, NULL, NULL, NULL, NULL, NULL, NULL, NULL, 10, '2026-04-24 15:48:36', NULL, NULL),
(2000000050, '2000000050', NULL, 'ทดสอบ', 'คนที่ 50', 'นามสกุล', NULL, NULL, NULL, NULL, NULL, NULL, NULL, NULL, NULL, 10, '2026-04-24 15:48:36', NULL, NULL);

-- --------------------------------------------------------

--
-- Table structure for table `user`
--

CREATE TABLE `user` (
  `id` int(11) NOT NULL,
  `username` varchar(255) NOT NULL,
  `auth_key` varchar(32) DEFAULT NULL,
  `password_hash` varchar(255) NOT NULL,
  `password_reset_token` varchar(255) DEFAULT NULL,
  `email` varchar(255) DEFAULT NULL,
  `role` smallint(6) NOT NULL DEFAULT 1,
  `status` smallint(6) NOT NULL DEFAULT 10,
  `created_at` datetime DEFAULT NULL,
  `updated_at` datetime DEFAULT NULL
) ENGINE=InnoDB DEFAULT CHARSET=utf8 COLLATE=utf8_unicode_ci;

--
-- Dumping data for table `user`
--

INSERT INTO `user` (`id`, `username`, `auth_key`, `password_hash`, `password_reset_token`, `email`, `role`, `status`, `created_at`, `updated_at`) VALUES
(1566445991, 'admin', 'qdYs15wrU3R7ghAuAuXNMc-fFxlZ8QyT', '$2y$10$86PRXBYSyTaUNl1RhBA8B.8CSGsHiOuEY4Ll2749z066wKMEpfTBi', 'VSorsXwWyDjK0WwK76PNqcdsextFlwai_1566445992', '', 9, 10, '0000-00-00 00:00:00', '2023-06-19 13:24:45'),
(1680161948, '001', NULL, '$2y$10$pNRJ31Qvq1XZtOESsY644utDIPrKEdH.KXfjIOphUSOt3LETnVwZW', NULL, NULL, 1, 10, '2026-04-23 15:27:15', '2026-04-23 15:27:15'),
(1680161949, '002', NULL, '$2y$10$WapgifZIuFcEGKvMD0w3v.fzo2kPZqG4Ne.4vLYId6ZIEU97P0WsG', NULL, NULL, 1, 10, '2026-04-23 15:27:43', '2026-04-23 15:27:43'),
(1680161950, '101', NULL, '$2y$10$QKtgHdDv2AuajcaFM6nQOeng1aS1H2E30IzSlKNBGzs0QAgt9V5Vm', NULL, NULL, 1, 10, '2026-04-23 15:28:13', '2026-04-23 15:28:13'),
(1680161951, '102', NULL, '$2y$10$7rIQOvjx49Ek8MatwDUHWeVCEOgkJMTwA/UdeR8gNZ6oFMTVr/r.i', NULL, NULL, 1, 10, '2026-04-23 15:28:40', '2026-04-23 15:28:40'),
(1680161952, 'user1', NULL, '$2y$10$KBUxD5lMALKYu16bvynNZOLf4bwLBwhKUBpOLLj2mTz9oKsFPE4eq', NULL, NULL, 1, 10, '2026-04-23 16:53:51', '2026-04-23 16:53:51'),
(1680161953, 'user2', NULL, '$2y$10$KBUxD5lMALKYu16bvynNZOLf4bwLBwhKUBpOLLj2mTz9oKsFPE4eq', NULL, NULL, 1, 10, '2026-04-23 16:53:51', '2026-04-23 16:53:51'),
(1680161954, 'user3', NULL, '$2y$10$KBUxD5lMALKYu16bvynNZOLf4bwLBwhKUBpOLLj2mTz9oKsFPE4eq', NULL, NULL, 1, 10, '2026-04-23 16:53:51', '2026-04-23 16:53:51'),
(1680161955, 'user4', NULL, '$2y$10$KBUxD5lMALKYu16bvynNZOLf4bwLBwhKUBpOLLj2mTz9oKsFPE4eq', NULL, NULL, 1, 10, '2026-04-23 16:53:51', '2026-04-23 16:53:51'),
(1680161956, 'user5', NULL, '$2y$10$KBUxD5lMALKYu16bvynNZOLf4bwLBwhKUBpOLLj2mTz9oKsFPE4eq', NULL, NULL, 1, 10, '2026-04-23 16:53:51', '2026-04-23 16:53:51'),
(1680161957, 'user6', NULL, '$2y$10$KBUxD5lMALKYu16bvynNZOLf4bwLBwhKUBpOLLj2mTz9oKsFPE4eq', NULL, NULL, 1, 10, '2026-04-23 16:53:51', '2026-04-23 16:53:51'),
(1680161958, 'user7', NULL, '$2y$10$KBUxD5lMALKYu16bvynNZOLf4bwLBwhKUBpOLLj2mTz9oKsFPE4eq', NULL, NULL, 1, 10, '2026-04-23 16:53:51', '2026-04-23 16:53:51'),
(1680161959, 'user8', NULL, '$2y$10$KBUxD5lMALKYu16bvynNZOLf4bwLBwhKUBpOLLj2mTz9oKsFPE4eq', NULL, NULL, 1, 10, '2026-04-23 16:53:51', '2026-04-23 16:53:51'),
(1680161960, 'user9', NULL, '$2y$10$KBUxD5lMALKYu16bvynNZOLf4bwLBwhKUBpOLLj2mTz9oKsFPE4eq', NULL, NULL, 1, 10, '2026-04-23 16:53:51', '2026-04-23 16:53:51'),
(1680161961, 'user10', NULL, '$2y$10$KBUxD5lMALKYu16bvynNZOLf4bwLBwhKUBpOLLj2mTz9oKsFPE4eq', NULL, NULL, 1, 10, '2026-04-23 16:53:51', '2026-04-23 16:53:51'),
(1680161962, 'user11', NULL, '$2y$10$KBUxD5lMALKYu16bvynNZOLf4bwLBwhKUBpOLLj2mTz9oKsFPE4eq', NULL, NULL, 1, 10, '2026-04-23 16:53:51', '2026-04-23 16:53:51'),
(1680161963, 'user12', NULL, '$2y$10$KBUxD5lMALKYu16bvynNZOLf4bwLBwhKUBpOLLj2mTz9oKsFPE4eq', NULL, NULL, 1, 10, '2026-04-23 16:53:51', '2026-04-23 16:53:51'),
(1680161964, 'user13', NULL, '$2y$10$KBUxD5lMALKYu16bvynNZOLf4bwLBwhKUBpOLLj2mTz9oKsFPE4eq', NULL, NULL, 1, 10, '2026-04-23 16:53:51', '2026-04-23 16:53:51'),
(1680161965, 'user14', NULL, '$2y$10$KBUxD5lMALKYu16bvynNZOLf4bwLBwhKUBpOLLj2mTz9oKsFPE4eq', NULL, NULL, 1, 10, '2026-04-23 16:53:51', '2026-04-23 16:53:51'),
(1680161966, 'user15', NULL, '$2y$10$KBUxD5lMALKYu16bvynNZOLf4bwLBwhKUBpOLLj2mTz9oKsFPE4eq', NULL, NULL, 1, 10, '2026-04-23 16:53:51', '2026-04-23 16:53:51'),
(1680161967, 'user16', NULL, '$2y$10$KBUxD5lMALKYu16bvynNZOLf4bwLBwhKUBpOLLj2mTz9oKsFPE4eq', NULL, NULL, 1, 10, '2026-04-23 16:53:51', '2026-04-23 16:53:51'),
(1680161968, 'user17', NULL, '$2y$10$KBUxD5lMALKYu16bvynNZOLf4bwLBwhKUBpOLLj2mTz9oKsFPE4eq', NULL, NULL, 1, 10, '2026-04-23 16:53:51', '2026-04-23 16:53:51'),
(1680161969, 'user18', NULL, '$2y$10$KBUxD5lMALKYu16bvynNZOLf4bwLBwhKUBpOLLj2mTz9oKsFPE4eq', NULL, NULL, 1, 10, '2026-04-23 16:53:51', '2026-04-23 16:53:51'),
(1680161970, 'user19', NULL, '$2y$10$KBUxD5lMALKYu16bvynNZOLf4bwLBwhKUBpOLLj2mTz9oKsFPE4eq', NULL, NULL, 1, 10, '2026-04-23 16:53:51', '2026-04-23 16:53:51'),
(1680161971, 'user20', NULL, '$2y$10$KBUxD5lMALKYu16bvynNZOLf4bwLBwhKUBpOLLj2mTz9oKsFPE4eq', NULL, NULL, 1, 10, '2026-04-23 16:53:51', '2026-04-23 16:53:51');

-- --------------------------------------------------------

--
-- Table structure for table `ven`
--

CREATE TABLE `ven` (
  `id` int(11) NOT NULL,
  `user_id` longtext CHARACTER SET utf8mb4 COLLATE utf8mb4_bin NOT NULL,
  `ven_com_id` varchar(255) DEFAULT NULL,
  `ven_com_idb` varchar(255) DEFAULT NULL,
  `ven_date` date NOT NULL,
  `ven_time` varchar(255) NOT NULL,
  `ven_month` varchar(255) NOT NULL,
  `vn_id` int(11) DEFAULT NULL,
  `vns_id` int(11) DEFAULT NULL,
  `DN` varchar(250) DEFAULT NULL,
  `ven_com_name` varchar(255) DEFAULT NULL,
  `ven_com_num_all` varchar(255) DEFAULT NULL,
  `ven_name` varchar(255) DEFAULT NULL,
  `u_role` varchar(255) DEFAULT NULL,
  `price` decimal(10,2) DEFAULT NULL,
  `color` varchar(255) DEFAULT NULL,
  `gcal_id` varchar(255) DEFAULT NULL,
  `ref1` varchar(255) DEFAULT NULL,
  `ref2` varchar(255) DEFAULT NULL,
  `file` varchar(255) DEFAULT NULL,
  `comment` varchar(255) DEFAULT NULL,
  `status` int(11) DEFAULT NULL,
  `update_at` datetime DEFAULT NULL,
  `create_at` datetime DEFAULT NULL
) ENGINE=InnoDB DEFAULT CHARSET=utf8 COLLATE=utf8_unicode_ci;

--
-- Dumping data for table `ven`
--

INSERT INTO `ven` (`id`, `user_id`, `ven_com_id`, `ven_com_idb`, `ven_date`, `ven_time`, `ven_month`, `vn_id`, `vns_id`, `DN`, `ven_com_name`, `ven_com_num_all`, `ven_name`, `u_role`, `price`, `color`, `gcal_id`, `ref1`, `ref2`, `file`, `comment`, `status`, `update_at`, `create_at`) VALUES
(1777020948, '1680161968', '[\"1777000553\"]', '1777000553', '2026-05-02', '16:30:04', '2026-05', 25, 110, 'กลางคืน', 'หมายจับ-ค้น', '1/2569', 'หมายจับ-ค้น', 'จนท2', 1200.00, 'Blue', NULL, 'IM8b6zgXwla1SPYRsWHU', 'IM8b6zgXwla1SPYRsWHU', NULL, '', 2, '2026-04-24 15:55:40', '2026-04-24 15:55:40'),
(1777021836, '2000000027', '[\"1777000553\"]', '1777000553', '2026-05-19', '16:30:04', '2026-05', 25, 110, 'กลางคืน', 'หมายจับ-ค้น', '1/2569', 'หมายจับ-ค้น', 'จนท2', 1200.00, 'Blue', NULL, 'uHjyqpMd65CQ4aXUrETD', 'uHjyqpMd65CQ4aXUrETD', NULL, '', 2, '2026-04-24 15:55:40', '2026-04-24 15:55:40'),
(1777023080, '2000000010', '[\"1777000553\"]', '1777000553', '2026-05-19', '16:30:02', '2026-05', 25, 109, 'กลางคืน', 'หมายจับ-ค้น', '1/2569', 'หมายจับ-ค้น', 'ผู้พิพากษา2', 2500.00, 'Blue', NULL, 'N8poFvckm19y5ndGuSwh', 'N8poFvckm19y5ndGuSwh', NULL, '', 2, '2026-04-24 15:54:56', '2026-04-24 15:54:56'),
(1777024498, '2000000019', '[\"1777000553\"]', '1777000553', '2026-05-14', '16:30:02', '2026-05', 25, 109, 'กลางคืน', 'หมายจับ-ค้น', '1/2569', 'หมายจับ-ค้น', 'ผู้พิพากษา2', 2500.00, 'Blue', NULL, 'AIf8Pt9isNn3S2BKvC0U', 'AIf8Pt9isNn3S2BKvC0U', NULL, '', 2, '2026-04-24 15:54:56', '2026-04-24 15:54:56'),
(1777024499, '2000000006', '[\"1777000553\"]', '1777000553', '2026-05-01', '16:30:04', '2026-05', 25, 110, 'กลางคืน', 'หมายจับ-ค้น', '1/2569', 'หมายจับ-ค้น', 'จนท2', 1200.00, 'Blue', NULL, '9PXgW2M0rpYHzQsTciDG', '9PXgW2M0rpYHzQsTciDG', NULL, '', 2, '2026-04-24 15:55:40', '2026-04-24 15:55:40'),
(1777024564, '1680161949', '[\"1777000553\"]', '1777000553', '2026-05-03', '16:30:02', '2026-05', 25, 109, 'กลางคืน', 'หมายจับ-ค้น', '1/2569', 'หมายจับ-ค้น', 'ผู้พิพากษา2', 2500.00, 'Blue', NULL, 'Y7KylJh25Asq9c0QWxti', 'Y7KylJh25Asq9c0QWxti', NULL, '', 2, '2026-04-24 15:54:56', '2026-04-24 15:54:56'),
(1777024898, '2000000036', '[\"1777000553\"]', '1777000553', '2026-05-31', '16:30:03', '2026-05', 25, 117, 'กลางคืน', 'หมายจับ-ค้น', '1/2569', 'หมายจับ-ค้น', 'จนท1', 1200.00, 'Blue', NULL, 'Tg8V0tWbCRNeIEAFonGz', 'Tg8V0tWbCRNeIEAFonGz', NULL, '', 2, '2026-04-24 15:55:25', '2026-04-24 15:55:25'),
(1777025687, '2000000031', '[\"1776946678\"]', '1776946678', '2026-05-24', '08:30:05', '2026-05', 28, 124, 'กลางวัน', 'เวรเปิดทำการพิจารณาคำร้องขอปล่อยชั่วคราว', '1/2569', 'เวรเปิดทำการพิจารณาคำร้องขอปล่อยชั่วคราว', 'ผู้พิพากษา1', 3000.00, 'Chocolate', NULL, 'i4EG8AvVtqLPXcNWJSy5', 'i4EG8AvVtqLPXcNWJSy5', NULL, '', 2, '2026-04-24 16:57:59', '2026-04-24 16:57:59'),
(1777026497, '2000000047', '[\"1777000553\"]', '1777000553', '2026-05-13', '16:30:03', '2026-05', 25, 117, 'กลางคืน', 'หมายจับ-ค้น', '1/2569', 'หมายจับ-ค้น', 'จนท1', 1200.00, 'Blue', NULL, 'nGeDaq1rBEyAmF0xPwlO', 'nGeDaq1rBEyAmF0xPwlO', NULL, '', 2, '2026-04-24 15:55:25', '2026-04-24 15:55:25'),
(1777026755, '1680161961', '[\"1776932612\"]', '1776932612', '2026-05-09', '08:30:08', '2026-05', 27, 119, 'กลางวัน', 'ศาลแขวงและพิจารณาคำร้องขอปล่อยชั่วคราว', '1/2569', 'ศาลแขวงและพิจารณาคำร้องขอปล่อยชั่วคราว', 'งานการเงิน', 1500.00, 'BlueViolet', NULL, 'Mj3S6TrehluDVxpiLPBG', 'Mj3S6TrehluDVxpiLPBG', NULL, '', 1, '2026-04-24 17:08:11', '2026-04-24 17:08:11'),
(1777026813, '2000000029', '[\"1776932612\"]', '1776932612', '2026-05-23', '08:30:11', '2026-05', 27, 121, 'กลางวัน', 'ศาลแขวงและพิจารณาคำร้องขอปล่อยชั่วคราว', '1/2569', 'ศาลแขวงและพิจารณาคำร้องขอปล่อยชั่วคราว', 'งานประชาสัมพันธ์', 1500.00, 'BlueViolet', NULL, 'VkKARgsSdl3JnWEiCzUt', 'VkKARgsSdl3JnWEiCzUt', NULL, '', 1, '2026-04-24 17:08:51', '2026-04-24 17:08:51'),
(1777027301, '1680161949', '[\"1776946678\"]', '1776946678', '2026-05-10', '08:30:05', '2026-05', 28, 124, 'กลางวัน', 'เวรเปิดทำการพิจารณาคำร้องขอปล่อยชั่วคราว', '1/2569', 'เวรเปิดทำการพิจารณาคำร้องขอปล่อยชั่วคราว', 'ผู้พิพากษา1', 3000.00, 'Chocolate', NULL, '1EUkMCqWgljxdzHBtae7', '1EUkMCqWgljxdzHBtae7', NULL, '', 2, '2026-04-24 16:57:59', '2026-04-24 16:57:59'),
(1777027435, '2000000050', '[\"1776932612\"]', '1776932612', '2026-05-23', '08:30:07', '2026-05', 27, 114, 'กลางวัน', 'ศาลแขวงและพิจารณาคำร้องขอปล่อยชั่วคราว', '1/2569', 'ศาลแขวงและพิจารณาคำร้องขอปล่อยชั่วคราว', 'หัวหน้ากลุ่ม', 1500.00, 'BlueViolet', NULL, 'eVjIf98iO3ZtLxYbXSAK', 'eVjIf98iO3ZtLxYbXSAK', NULL, '', 1, '2026-04-24 17:07:56', '2026-04-24 17:07:56'),
(1777027531, '1680161970', '[\"1776946678\"]', '1776946678', '2026-05-04', '08:30:08', '2026-05', 28, 127, 'กลางวัน', 'เวรเปิดทำการพิจารณาคำร้องขอปล่อยชั่วคราว', '1/2569', 'เวรเปิดทำการพิจารณาคำร้องขอปล่อยชั่วคราว', 'งานหมาย/รับคำร้อง', 1500.00, 'Chocolate', NULL, '7LU3ucWbwsTaoRyVhFHx', '7LU3ucWbwsTaoRyVhFHx', NULL, '', 2, '2026-04-24 17:21:43', '2026-04-24 17:21:43'),
(1777027633, '2000000040', '[\"1777000553\"]', '1777000553', '2026-05-28', '16:30:01', '2026-05', 25, 116, 'กลางคืน', 'หมายจับ-ค้น', '1/2569', 'หมายจับ-ค้น', 'ผู้พิพากษา1', 2500.00, 'Blue', NULL, 'bd8rekV5gJADiozxc1wm', 'bd8rekV5gJADiozxc1wm', NULL, '', 2, '2026-04-24 17:10:38', '2026-04-24 17:10:38'),
(1777027695, '2000000022', '[\"1776946678\"]', '1776946678', '2026-05-13', '08:30:07', '2026-05', 28, 126, 'กลางวัน', 'เวรเปิดทำการพิจารณาคำร้องขอปล่อยชั่วคราว', '1/2569', 'เวรเปิดทำการพิจารณาคำร้องขอปล่อยชั่วคราว', 'หัวหน้ากลุ่ม', 1500.00, 'Chocolate', NULL, 'RnJ9XUMB85ZGQtx74qmH', 'RnJ9XUMB85ZGQtx74qmH', NULL, '', 2, '2026-04-24 17:21:34', '2026-04-24 17:21:34'),
(1777027919, '1680161967', '[\"1776932612\"]', '1776932612', '2026-05-09', '08:30:09', '2026-05', 27, 129, 'กลางวัน', 'ศาลแขวงและพิจารณาคำร้องขอปล่อยชั่วคราว', '1/2569', 'ศาลแขวงและพิจารณาคำร้องขอปล่อยชั่วคราว', 'งานรับฟ้อง', 1500.00, 'BlueViolet', NULL, 'Q6nfapEVGk1HTXKqhvzc', 'Q6nfapEVGk1HTXKqhvzc', NULL, '', 1, '2026-04-24 17:08:28', '2026-04-24 17:08:28'),
(1777028156, '2000000040', '[\"1776946678\"]', '1776946678', '2026-05-17', '08:30:08', '2026-05', 28, 127, 'กลางวัน', 'เวรเปิดทำการพิจารณาคำร้องขอปล่อยชั่วคราว', '1/2569', 'เวรเปิดทำการพิจารณาคำร้องขอปล่อยชั่วคราว', 'งานหมาย/รับคำร้อง', 1500.00, 'Chocolate', NULL, '9SNV085KBvGkOpCzsnc4', '9SNV085KBvGkOpCzsnc4', NULL, '', 2, '2026-04-24 17:21:43', '2026-04-24 17:21:43'),
(1777029557, '2000000021', '[\"1777000553\"]', '1777000553', '2026-05-13', '16:30:02', '2026-05', 25, 109, 'กลางคืน', 'หมายจับ-ค้น', '1/2569', 'หมายจับ-ค้น', 'ผู้พิพากษา2', 2500.00, 'Blue', NULL, '0nuSU4rvH9Ns5PcWxaJw', '0nuSU4rvH9Ns5PcWxaJw', NULL, '', 2, '2026-04-24 15:54:56', '2026-04-24 15:54:56'),
(1777030914, '2000000017', '[\"1776932612\"]', '1776932612', '2026-05-30', '08:30:06', '2026-05', 27, 113, 'กลางวัน', 'ศาลแขวงและพิจารณาคำร้องขอปล่อยชั่วคราว', '1/2569', 'ศาลแขวงและพิจารณาคำร้องขอปล่อยชั่วคราว', 'ผู้พิพากษา2', 3000.00, 'BlueViolet', NULL, 'ip3f0Atk5LyQz7rvWgXN', 'ip3f0Atk5LyQz7rvWgXN', NULL, '', 1, '2026-04-24 17:07:41', '2026-04-24 17:07:41'),
(1777032241, '2000000049', '[\"1777000553\"]', '1777000553', '2026-05-22', '16:30:03', '2026-05', 25, 117, 'กลางคืน', 'หมายจับ-ค้น', '1/2569', 'หมายจับ-ค้น', 'จนท1', 1200.00, 'Blue', NULL, 'xXZQB8YK9W014Cjnd3FS', 'xXZQB8YK9W014Cjnd3FS', NULL, '', 2, '2026-04-24 15:55:25', '2026-04-24 15:55:25'),
(1777035083, '2000000011', '[\"1776946678\"]', '1776946678', '2026-05-24', '08:30:08', '2026-05', 28, 127, 'กลางวัน', 'เวรเปิดทำการพิจารณาคำร้องขอปล่อยชั่วคราว', '1/2569', 'เวรเปิดทำการพิจารณาคำร้องขอปล่อยชั่วคราว', 'งานหมาย/รับคำร้อง', 1500.00, 'Chocolate', NULL, 'z8vPHAKeBjUgSMsZYTGy', 'z8vPHAKeBjUgSMsZYTGy', NULL, '', 2, '2026-04-24 17:21:43', '2026-04-24 17:21:43'),
(1777035084, '2000000002', '[\"1777000553\"]', '1777000553', '2026-05-05', '16:30:02', '2026-05', 25, 109, 'กลางคืน', 'หมายจับ-ค้น', '1/2569', 'หมายจับ-ค้น', 'ผู้พิพากษา2', 2500.00, 'Blue', NULL, 'BjgSUmZYnc5huJ0kDXPF', 'BjgSUmZYnc5huJ0kDXPF', NULL, '', 2, '2026-04-24 15:54:56', '2026-04-24 15:54:56'),
(1777035259, '2000000010', '[\"1776946678\"]', '1776946678', '2026-05-31', '08:30:10', '2026-05', 28, 128, 'กลางวัน', 'เวรเปิดทำการพิจารณาคำร้องขอปล่อยชั่วคราว', '1/2569', 'เวรเปิดทำการพิจารณาคำร้องขอปล่อยชั่วคราว', 'งานประชาสัมพันธ์', 1500.00, 'Chocolate', NULL, 'BzNMedaCvQqRAmFP05gZ', 'BzNMedaCvQqRAmFP05gZ', NULL, '', 2, '2026-04-24 17:22:07', '2026-04-24 17:22:07'),
(1777035361, '2000000036', '[\"1777000553\"]', '1777000553', '2026-05-11', '16:30:01', '2026-05', 25, 116, 'กลางคืน', 'หมายจับ-ค้น', '1/2569', 'หมายจับ-ค้น', 'ผู้พิพากษา1', 2500.00, 'Blue', NULL, 'FocJDHq596BzjXysaGRt', 'FocJDHq596BzjXysaGRt', NULL, '', 2, '2026-04-24 17:10:38', '2026-04-24 17:10:38'),
(1777035863, '2000000009', '[\"1777000553\"]', '1777000553', '2026-05-02', '16:30:03', '2026-05', 25, 117, 'กลางคืน', 'หมายจับ-ค้น', '1/2569', 'หมายจับ-ค้น', 'จนท1', 1200.00, 'Blue', NULL, 'KnOt0NLSaVp1hE4jPlI6', 'KnOt0NLSaVp1hE4jPlI6', NULL, '', 2, '2026-04-24 15:55:25', '2026-04-24 15:55:25'),
(1777035997, '2000000013', '[\"1777000553\"]', '1777000553', '2026-05-16', '16:30:02', '2026-05', 25, 109, 'กลางคืน', 'หมายจับ-ค้น', '1/2569', 'หมายจับ-ค้น', 'ผู้พิพากษา2', 2500.00, 'Blue', NULL, 'KpgdlEsrXj4DZ6QCnVYa', 'KpgdlEsrXj4DZ6QCnVYa', NULL, '', 2, '2026-04-24 15:54:56', '2026-04-24 15:54:56'),
(1777036399, '2000000036', '[\"1777000553\"]', '1777000553', '2026-05-03', '16:30:01', '2026-05', 25, 116, 'กลางคืน', 'หมายจับ-ค้น', '1/2569', 'หมายจับ-ค้น', 'ผู้พิพากษา1', 2500.00, 'Blue', NULL, 'DSIeZdTXkQrl1Cbno2ph', 'DSIeZdTXkQrl1Cbno2ph', NULL, '', 2, '2026-04-24 17:10:38', '2026-04-24 17:10:38'),
(1777037119, '2000000036', '[\"1777000553\"]', '1777000553', '2026-05-27', '16:30:01', '2026-05', 25, 116, 'กลางคืน', 'หมายจับ-ค้น', '1/2569', 'หมายจับ-ค้น', 'ผู้พิพากษา1', 2500.00, 'Blue', NULL, 'uSPa8b3tsvJNyEZLcO6R', 'uSPa8b3tsvJNyEZLcO6R', NULL, '', 2, '2026-04-24 17:10:38', '2026-04-24 17:10:38'),
(1777037404, '2000000029', '[\"1776946678\"]', '1776946678', '2026-05-17', '08:30:05', '2026-05', 28, 124, 'กลางวัน', 'เวรเปิดทำการพิจารณาคำร้องขอปล่อยชั่วคราว', '1/2569', 'เวรเปิดทำการพิจารณาคำร้องขอปล่อยชั่วคราว', 'ผู้พิพากษา1', 3000.00, 'Chocolate', NULL, 'jlbGq3c5razvARIYdsOZ', 'jlbGq3c5razvARIYdsOZ', NULL, '', 2, '2026-04-24 16:57:59', '2026-04-24 16:57:59'),
(1777037682, '2000000003', '[\"1777000553\"]', '1777000553', '2026-05-13', '16:30:04', '2026-05', 25, 110, 'กลางคืน', 'หมายจับ-ค้น', '1/2569', 'หมายจับ-ค้น', 'จนท2', 1200.00, 'Blue', NULL, 'lzIRTXJv2fsbaCqLcNjD', 'lzIRTXJv2fsbaCqLcNjD', NULL, '', 2, '2026-04-24 15:55:40', '2026-04-24 15:55:40'),
(1777037899, '2000000040', '[\"1777000553\"]', '1777000553', '2026-05-15', '16:30:02', '2026-05', 25, 109, 'กลางคืน', 'หมายจับ-ค้น', '1/2569', 'หมายจับ-ค้น', 'ผู้พิพากษา2', 2500.00, 'Blue', NULL, 'u6dQDyPHYhUmjvtZ5o9s', 'u6dQDyPHYhUmjvtZ5o9s', NULL, '', 2, '2026-04-24 15:54:56', '2026-04-24 15:54:56'),
(1777038965, '2000000035', '[\"1776946678\"]', '1776946678', '2026-05-10', '08:30:07', '2026-05', 28, 126, 'กลางวัน', 'เวรเปิดทำการพิจารณาคำร้องขอปล่อยชั่วคราว', '1/2569', 'เวรเปิดทำการพิจารณาคำร้องขอปล่อยชั่วคราว', 'หัวหน้ากลุ่ม', 1500.00, 'Chocolate', NULL, 'xX0rwVQn84khdWz7EvNP', 'xX0rwVQn84khdWz7EvNP', NULL, '', 2, '2026-04-24 17:21:34', '2026-04-24 17:21:34'),
(1777039655, '1680161948', '[\"1777000553\"]', '1777000553', '2026-05-01', '16:30:02', '2026-05', 25, 109, 'กลางคืน', 'หมายจับ-ค้น', '1/2569', 'หมายจับ-ค้น', 'ผู้พิพากษา2', 2500.00, 'Blue', NULL, 'vrMyWg7PwKBIUi50x8uX', 'vrMyWg7PwKBIUi50x8uX', NULL, '', 2, '2026-04-24 15:54:56', '2026-04-24 15:54:56'),
(1777039958, '2000000002', '[\"1777000553\"]', '1777000553', '2026-05-25', '16:30:01', '2026-05', 25, 116, 'กลางคืน', 'หมายจับ-ค้น', '1/2569', 'หมายจับ-ค้น', 'ผู้พิพากษา1', 2500.00, 'Blue', NULL, 'M4GmnjgabFXlxyP3JrND', 'M4GmnjgabFXlxyP3JrND', NULL, '', 2, '2026-04-24 17:10:38', '2026-04-24 17:10:38'),
(1777040261, '2000000012', '[\"1777000553\"]', '1777000553', '2026-05-31', '16:30:01', '2026-05', 25, 116, 'กลางคืน', 'หมายจับ-ค้น', '1/2569', 'หมายจับ-ค้น', 'ผู้พิพากษา1', 2500.00, 'Blue', NULL, 'tR3IVdhrFWYqO4KzBvZM', 'tR3IVdhrFWYqO4KzBvZM', NULL, '', 2, '2026-04-24 17:10:38', '2026-04-24 17:10:38'),
(1777041152, '2000000027', '[\"1777000553\"]', '1777000553', '2026-05-30', '16:30:01', '2026-05', 25, 116, 'กลางคืน', 'หมายจับ-ค้น', '1/2569', 'หมายจับ-ค้น', 'ผู้พิพากษา1', 2500.00, 'Blue', NULL, 'H9chZxqPC7wegSDYrVRM', 'H9chZxqPC7wegSDYrVRM', NULL, '', 2, '2026-04-24 17:10:38', '2026-04-24 17:10:38'),
(1777041565, '1680161971', '[\"1776946678\"]', '1776946678', '2026-05-10', '08:30:08', '2026-05', 28, 127, 'กลางวัน', 'เวรเปิดทำการพิจารณาคำร้องขอปล่อยชั่วคราว', '1/2569', 'เวรเปิดทำการพิจารณาคำร้องขอปล่อยชั่วคราว', 'งานหมาย/รับคำร้อง', 1500.00, 'Chocolate', NULL, 'KYltuzTxL46mvEgUPVF5', 'KYltuzTxL46mvEgUPVF5', NULL, '', 2, '2026-04-24 17:21:43', '2026-04-24 17:21:43'),
(1777041591, '2000000001', '[\"1777000553\"]', '1777000553', '2026-05-10', '16:30:04', '2026-05', 25, 110, 'กลางคืน', 'หมายจับ-ค้น', '1/2569', 'หมายจับ-ค้น', 'จนท2', 1200.00, 'Blue', NULL, 'WvoITMJjGxlb7UBPiDZ8', 'WvoITMJjGxlb7UBPiDZ8', NULL, '', 2, '2026-04-24 15:55:40', '2026-04-24 15:55:40'),
(1777041711, '1680161967', '[\"1777000553\"]', '1777000553', '2026-05-01', '16:30:03', '2026-05', 25, 117, 'กลางคืน', 'หมายจับ-ค้น', '1/2569', 'หมายจับ-ค้น', 'จนท1', 1200.00, 'Blue', NULL, '6Jk4qlLmy1uzPjTMHDS7', '6Jk4qlLmy1uzPjTMHDS7', NULL, '', 2, '2026-04-24 15:55:25', '2026-04-24 15:55:25'),
(1777041842, '2000000001', '[\"1777000553\"]', '1777000553', '2026-05-30', '16:30:03', '2026-05', 25, 117, 'กลางคืน', 'หมายจับ-ค้น', '1/2569', 'หมายจับ-ค้น', 'จนท1', 1200.00, 'Blue', NULL, 'EfPinIszbUAYWpD9krJB', 'EfPinIszbUAYWpD9krJB', NULL, '', 2, '2026-04-24 15:55:25', '2026-04-24 15:55:25'),
(1777042395, '2000000036', '[\"1777000553\"]', '1777000553', '2026-05-04', '16:30:04', '2026-05', 25, 110, 'กลางคืน', 'หมายจับ-ค้น', '1/2569', 'หมายจับ-ค้น', 'จนท2', 1200.00, 'Blue', NULL, 'HwuU8WGSEIB731vMFX6g', 'HwuU8WGSEIB731vMFX6g', NULL, '', 2, '2026-04-24 15:55:40', '2026-04-24 15:55:40'),
(1777042459, '2000000010', '[\"1777000553\"]', '1777000553', '2026-05-09', '16:30:03', '2026-05', 25, 117, 'กลางคืน', 'หมายจับ-ค้น', '1/2569', 'หมายจับ-ค้น', 'จนท1', 1200.00, 'Blue', NULL, 'FD4ZiKtvwY3fnAG62rUy', 'FD4ZiKtvwY3fnAG62rUy', NULL, '', 2, '2026-04-24 15:55:25', '2026-04-24 15:55:25'),
(1777043180, '2000000011', '[\"1776946678\"]', '1776946678', '2026-05-17', '08:30:09', '2026-05', 28, 130, 'กลางวัน', 'เวรเปิดทำการพิจารณาคำร้องขอปล่อยชั่วคราว', '1/2569', 'เวรเปิดทำการพิจารณาคำร้องขอปล่อยชั่วคราว', 'งานการเงิน', 1500.00, 'Chocolate', NULL, 'SpZ4trMAhBRUwLF281bz', 'SpZ4trMAhBRUwLF281bz', NULL, '', 2, '2026-04-24 17:21:58', '2026-04-24 17:21:58'),
(1777043268, '2000000034', '[\"1777000553\"]', '1777000553', '2026-05-24', '16:30:03', '2026-05', 25, 117, 'กลางคืน', 'หมายจับ-ค้น', '1/2569', 'หมายจับ-ค้น', 'จนท1', 1200.00, 'Blue', NULL, 'gxQTePhdnF3Z5GBNaJcr', 'gxQTePhdnF3Z5GBNaJcr', NULL, '', 2, '2026-04-24 15:55:25', '2026-04-24 15:55:25'),
(1777043782, '2000000021', '[\"1777000553\"]', '1777000553', '2026-05-19', '16:30:03', '2026-05', 25, 117, 'กลางคืน', 'หมายจับ-ค้น', '1/2569', 'หมายจับ-ค้น', 'จนท1', 1200.00, 'Blue', NULL, 'c3RSXUfGNm0Cw9MEvOeq', 'c3RSXUfGNm0Cw9MEvOeq', NULL, '', 2, '2026-04-24 15:55:25', '2026-04-24 15:55:25'),
(1777043888, '2000000025', '[\"1776932612\"]', '1776932612', '2026-05-23', '08:30:08', '2026-05', 27, 119, 'กลางวัน', 'ศาลแขวงและพิจารณาคำร้องขอปล่อยชั่วคราว', '1/2569', 'ศาลแขวงและพิจารณาคำร้องขอปล่อยชั่วคราว', 'งานการเงิน', 1500.00, 'BlueViolet', NULL, 'BUzQsMVjDF42u1H6LJbK', 'BUzQsMVjDF42u1H6LJbK', NULL, '', 1, '2026-04-24 17:08:11', '2026-04-24 17:08:11'),
(1777044240, '2000000027', '[\"1777000553\"]', '1777000553', '2026-05-06', '16:30:01', '2026-05', 25, 116, 'กลางคืน', 'หมายจับ-ค้น', '1/2569', 'หมายจับ-ค้น', 'ผู้พิพากษา1', 2500.00, 'Blue', NULL, '5mkAIV2qJZGRLjSoQFax', '5mkAIV2qJZGRLjSoQFax', NULL, '', 2, '2026-04-24 17:10:38', '2026-04-24 17:10:38'),
(1777044393, '2000000025', '[\"1777000553\"]', '1777000553', '2026-05-10', '16:30:03', '2026-05', 25, 117, 'กลางคืน', 'หมายจับ-ค้น', '1/2569', 'หมายจับ-ค้น', 'จนท1', 1200.00, 'Blue', NULL, 'qK7mYgkd2JIGhUMspESu', 'qK7mYgkd2JIGhUMspESu', NULL, '', 2, '2026-04-24 15:55:25', '2026-04-24 15:55:25'),
(1777044831, '2000000002', '[\"1777000553\"]', '1777000553', '2026-05-21', '16:30:04', '2026-05', 25, 110, 'กลางคืน', 'หมายจับ-ค้น', '1/2569', 'หมายจับ-ค้น', 'จนท2', 1200.00, 'Blue', NULL, 'WTgKPm6SVGNxMyB8eqtI', 'WTgKPm6SVGNxMyB8eqtI', NULL, '', 2, '2026-04-24 15:55:40', '2026-04-24 15:55:40'),
(1777045488, '2000000011', '[\"1777000553\"]', '1777000553', '2026-05-29', '16:30:03', '2026-05', 25, 117, 'กลางคืน', 'หมายจับ-ค้น', '1/2569', 'หมายจับ-ค้น', 'จนท1', 1200.00, 'Blue', NULL, 'GtOPY4eyrgAX2k5Zu9zj', 'GtOPY4eyrgAX2k5Zu9zj', NULL, '', 2, '2026-04-24 15:55:25', '2026-04-24 15:55:25'),
(1777045887, '2000000014', '[\"1776946678\"]', '1776946678', '2026-05-02', '08:30:08', '2026-05', 28, 130, 'กลางวัน', 'เวรเปิดทำการพิจารณาคำร้องขอปล่อยชั่วคราว', '1/2569', 'เวรเปิดทำการพิจารณาคำร้องขอปล่อยชั่วคราว', 'งานการเงิน', 1500.00, 'Chocolate', NULL, 'l1qbQS6eiJpYVKdc8xWM', 'l1qbQS6eiJpYVKdc8xWM', NULL, '', 2, '2026-04-24 17:21:58', '2026-04-24 17:21:58'),
(1777045963, '2000000028', '[\"1777000553\"]', '1777000553', '2026-05-11', '16:30:03', '2026-05', 25, 117, 'กลางคืน', 'หมายจับ-ค้น', '1/2569', 'หมายจับ-ค้น', 'จนท1', 1200.00, 'Blue', NULL, 'du1TmHglRkYQz7FbUX3j', 'du1TmHglRkYQz7FbUX3j', NULL, '', 2, '2026-04-24 15:55:25', '2026-04-24 15:55:25'),
(1777046469, '2000000044', '[\"1776946678\"]', '1776946678', '2026-05-24', '08:30:07', '2026-05', 28, 126, 'กลางวัน', 'เวรเปิดทำการพิจารณาคำร้องขอปล่อยชั่วคราว', '1/2569', 'เวรเปิดทำการพิจารณาคำร้องขอปล่อยชั่วคราว', 'หัวหน้ากลุ่ม', 1500.00, 'Chocolate', NULL, '4IdY3gXi7CqfVvJb5ZW1', '4IdY3gXi7CqfVvJb5ZW1', NULL, '', 2, '2026-04-24 17:21:34', '2026-04-24 17:21:34'),
(1777047293, '2000000029', '[\"1777000553\"]', '1777000553', '2026-05-02', '16:30:02', '2026-05', 25, 109, 'กลางคืน', 'หมายจับ-ค้น', '1/2569', 'หมายจับ-ค้น', 'ผู้พิพากษา2', 2500.00, 'Blue', NULL, 'oSQECTNZDXf9vmGt0K7U', 'oSQECTNZDXf9vmGt0K7U', NULL, '', 2, '2026-04-24 15:54:56', '2026-04-24 15:54:56'),
(1777047295, '1680161966', '[\"1777000553\"]', '1777000553', '2026-05-03', '16:30:03', '2026-05', 25, 117, 'กลางคืน', 'หมายจับ-ค้น', '1/2569', 'หมายจับ-ค้น', 'จนท1', 1200.00, 'Blue', NULL, 'ZKPlUv52r8tCy1akw7pz', 'ZKPlUv52r8tCy1akw7pz', NULL, '', 2, '2026-04-24 15:55:25', '2026-04-24 15:55:25'),
(1777047442, '2000000002', '[\"1776932612\"]', '1776932612', '2026-05-03', '08:30:10', '2026-05', 27, 120, 'กลางวัน', 'ศาลแขวงและพิจารณาคำร้องขอปล่อยชั่วคราว', '1/2569', 'ศาลแขวงและพิจารณาคำร้องขอปล่อยชั่วคราว', 'งานผัดฟ้อง-ฝากขัง', 1500.00, 'BlueViolet', NULL, '4KwEIYgLAUOoX753Nmbz', '4KwEIYgLAUOoX753Nmbz', NULL, '', 1, '2026-04-24 17:08:39', '2026-04-24 17:08:39'),
(1777048664, '2000000011', '[\"1776946678\"]', '1776946678', '2026-05-02', '08:30:05', '2026-05', 28, 124, 'กลางวัน', 'เวรเปิดทำการพิจารณาคำร้องขอปล่อยชั่วคราว', '1/2569', 'เวรเปิดทำการพิจารณาคำร้องขอปล่อยชั่วคราว', 'ผู้พิพากษา1', 3000.00, 'Chocolate', NULL, 'wxGsCPc9A6JpfRZgiIFE', 'wxGsCPc9A6JpfRZgiIFE', NULL, '', 2, '2026-04-24 16:57:59', '2026-04-24 16:57:59'),
(1777049181, '2000000034', '[\"1777000553\"]', '1777000553', '2026-05-17', '16:30:04', '2026-05', 25, 110, 'กลางคืน', 'หมายจับ-ค้น', '1/2569', 'หมายจับ-ค้น', 'จนท2', 1200.00, 'Blue', NULL, 'soWtjJ2Z1GBV9ewfyphd', 'soWtjJ2Z1GBV9ewfyphd', NULL, '', 2, '2026-04-24 15:55:40', '2026-04-24 15:55:40'),
(1777049586, '2000000008', '[\"1777000553\"]', '1777000553', '2026-05-28', '16:30:04', '2026-05', 25, 110, 'กลางคืน', 'หมายจับ-ค้น', '1/2569', 'หมายจับ-ค้น', 'จนท2', 1200.00, 'Blue', NULL, 'XJvFiyuGcCRYTb7I8Sxa', 'XJvFiyuGcCRYTb7I8Sxa', NULL, '', 2, '2026-04-24 15:55:40', '2026-04-24 15:55:40'),
(1777049625, '1680161951', '[\"1776946678\"]', '1776946678', '2026-05-04', '08:30:07', '2026-05', 28, 126, 'กลางวัน', 'เวรเปิดทำการพิจารณาคำร้องขอปล่อยชั่วคราว', '1/2569', 'เวรเปิดทำการพิจารณาคำร้องขอปล่อยชั่วคราว', 'หัวหน้ากลุ่ม', 1500.00, 'Chocolate', NULL, 'p8NGi2lUJwMzX5vnVr49', 'p8NGi2lUJwMzX5vnVr49', NULL, '', 2, '2026-04-24 17:21:34', '2026-04-24 17:21:34'),
(1777049628, '2000000043', '[\"1777000553\"]', '1777000553', '2026-05-28', '16:30:03', '2026-05', 25, 117, 'กลางคืน', 'หมายจับ-ค้น', '1/2569', 'หมายจับ-ค้น', 'จนท1', 1200.00, 'Blue', NULL, 'W7zgKb1dtUxG2ZVDJv8X', 'W7zgKb1dtUxG2ZVDJv8X', NULL, '', 2, '2026-04-24 15:55:25', '2026-04-24 15:55:25'),
(1777049895, '2000000016', '[\"1777000553\"]', '1777000553', '2026-05-15', '16:30:03', '2026-05', 25, 117, 'กลางคืน', 'หมายจับ-ค้น', '1/2569', 'หมายจับ-ค้น', 'จนท1', 1200.00, 'Blue', NULL, '2C8YOkTFBKPEJihAHedm', '2C8YOkTFBKPEJihAHedm', NULL, '', 2, '2026-04-24 15:55:25', '2026-04-24 15:55:25'),
(1777050916, '1680161948', '[\"1776932612\"]', '1776932612', '2026-05-09', '08:30:05', '2026-05', 27, 118, 'กลางวัน', 'ศาลแขวงและพิจารณาคำร้องขอปล่อยชั่วคราว', '1/2569', 'ศาลแขวงและพิจารณาคำร้องขอปล่อยชั่วคราว', 'ผู้พิพากษา1', 3000.00, 'BlueViolet', NULL, '1ctqB8TIhguSjpsF4OrW', '1ctqB8TIhguSjpsF4OrW', NULL, '', 1, '2026-04-24 17:07:27', '2026-04-24 17:07:27'),
(1777050945, '2000000013', '[\"1776946678\"]', '1776946678', '2026-05-17', '08:30:06', '2026-05', 28, 125, 'กลางวัน', 'เวรเปิดทำการพิจารณาคำร้องขอปล่อยชั่วคราว', '1/2569', 'เวรเปิดทำการพิจารณาคำร้องขอปล่อยชั่วคราว', 'ผู้พิพากษา2', 3000.00, 'Chocolate', NULL, '2z5cJ9ATaSKRnIiM4wqQ', '2z5cJ9ATaSKRnIiM4wqQ', NULL, '', 2, '2026-04-24 17:21:22', '2026-04-24 17:21:22'),
(1777051138, '2000000026', '[\"1777000553\"]', '1777000553', '2026-05-29', '16:30:01', '2026-05', 25, 116, 'กลางคืน', 'หมายจับ-ค้น', '1/2569', 'หมายจับ-ค้น', 'ผู้พิพากษา1', 2500.00, 'Blue', NULL, 'Wm105uCGhnkwTQ7y4EDL', 'Wm105uCGhnkwTQ7y4EDL', NULL, '', 2, '2026-04-24 17:10:38', '2026-04-24 17:10:38'),
(1777051852, '2000000004', '[\"1777000553\"]', '1777000553', '2026-05-24', '16:30:04', '2026-05', 25, 110, 'กลางคืน', 'หมายจับ-ค้น', '1/2569', 'หมายจับ-ค้น', 'จนท2', 1200.00, 'Blue', NULL, 'fMBKjGhC1l7u6svd4QLZ', 'fMBKjGhC1l7u6svd4QLZ', NULL, '', 2, '2026-04-24 15:55:40', '2026-04-24 15:55:40'),
(1777053512, '2000000032', '[\"1777000553\"]', '1777000553', '2026-05-04', '16:30:03', '2026-05', 25, 117, 'กลางคืน', 'หมายจับ-ค้น', '1/2569', 'หมายจับ-ค้น', 'จนท1', 1200.00, 'Blue', NULL, 'LKVoUib29uSvIp61rsmE', 'LKVoUib29uSvIp61rsmE', NULL, '', 2, '2026-04-24 15:55:25', '2026-04-24 15:55:25'),
(1777053664, '2000000032', '[\"1777000553\"]', '1777000553', '2026-05-28', '16:30:02', '2026-05', 25, 109, 'กลางคืน', 'หมายจับ-ค้น', '1/2569', 'หมายจับ-ค้น', 'ผู้พิพากษา2', 2500.00, 'Blue', NULL, 'oBGWLzeZFDtKrjXlym2M', 'oBGWLzeZFDtKrjXlym2M', NULL, '', 2, '2026-04-24 15:54:56', '2026-04-24 15:54:56'),
(1777053978, '1680161953', '[\"1776932612\"]', '1776932612', '2026-05-16', '08:30:09', '2026-05', 27, 129, 'กลางวัน', 'ศาลแขวงและพิจารณาคำร้องขอปล่อยชั่วคราว', '1/2569', 'ศาลแขวงและพิจารณาคำร้องขอปล่อยชั่วคราว', 'งานรับฟ้อง', 1500.00, 'BlueViolet', NULL, 'EHKyS589aeZwIjdkM26p', 'EHKyS589aeZwIjdkM26p', NULL, '', 1, '2026-04-24 17:08:28', '2026-04-24 17:08:28'),
(1777054079, '2000000026', '[\"1777000553\"]', '1777000553', '2026-05-05', '16:30:01', '2026-05', 25, 116, 'กลางคืน', 'หมายจับ-ค้น', '1/2569', 'หมายจับ-ค้น', 'ผู้พิพากษา1', 2500.00, 'Blue', NULL, 'uLSVATQd2zpcFstJY6fj', 'uLSVATQd2zpcFstJY6fj', NULL, '', 2, '2026-04-24 17:10:38', '2026-04-24 17:10:38'),
(1777054288, '2000000007', '[\"1776946678\"]', '1776946678', '2026-05-10', '08:30:09', '2026-05', 28, 130, 'กลางวัน', 'เวรเปิดทำการพิจารณาคำร้องขอปล่อยชั่วคราว', '1/2569', 'เวรเปิดทำการพิจารณาคำร้องขอปล่อยชั่วคราว', 'งานการเงิน', 1500.00, 'Chocolate', NULL, '2TFMnaJ5GfYjQ9PgSI8V', '2TFMnaJ5GfYjQ9PgSI8V', NULL, '', 2, '2026-04-24 17:21:58', '2026-04-24 17:21:58'),
(1777055102, '2000000025', '[\"1777000553\"]', '1777000553', '2026-05-26', '16:30:02', '2026-05', 25, 109, 'กลางคืน', 'หมายจับ-ค้น', '1/2569', 'หมายจับ-ค้น', 'ผู้พิพากษา2', 2500.00, 'Blue', NULL, 'MXGf75d9VnurLOYT3p6o', 'MXGf75d9VnurLOYT3p6o', NULL, '', 2, '2026-04-24 15:54:56', '2026-04-24 15:54:56'),
(1777056287, '2000000035', '[\"1776946678\"]', '1776946678', '2026-05-04', '08:30:06', '2026-05', 28, 125, 'กลางวัน', 'เวรเปิดทำการพิจารณาคำร้องขอปล่อยชั่วคราว', '1/2569', 'เวรเปิดทำการพิจารณาคำร้องขอปล่อยชั่วคราว', 'ผู้พิพากษา2', 3000.00, 'Chocolate', NULL, 'DnrQXBNd0qHFc8jZoVwg', 'DnrQXBNd0qHFc8jZoVwg', NULL, '', 2, '2026-04-24 17:21:22', '2026-04-24 17:21:22'),
(1777056778, '2000000037', '[\"1777000553\"]', '1777000553', '2026-05-17', '16:30:03', '2026-05', 25, 117, 'กลางคืน', 'หมายจับ-ค้น', '1/2569', 'หมายจับ-ค้น', 'จนท1', 1200.00, 'Blue', NULL, 'kgXWLHq6mYQjcNGezfbw', 'kgXWLHq6mYQjcNGezfbw', NULL, '', 2, '2026-04-24 15:55:25', '2026-04-24 15:55:25'),
(1777056936, '2000000015', '[\"1777000553\"]', '1777000553', '2026-05-08', '16:30:04', '2026-05', 25, 110, 'กลางคืน', 'หมายจับ-ค้น', '1/2569', 'หมายจับ-ค้น', 'จนท2', 1200.00, 'Blue', NULL, 'Lc1VPobD57YsMvlenK9d', 'Lc1VPobD57YsMvlenK9d', NULL, '', 2, '2026-04-24 15:55:40', '2026-04-24 15:55:40'),
(1777057193, '2000000031', '[\"1777000553\"]', '1777000553', '2026-05-26', '16:30:01', '2026-05', 25, 116, 'กลางคืน', 'หมายจับ-ค้น', '1/2569', 'หมายจับ-ค้น', 'ผู้พิพากษา1', 2500.00, 'Blue', NULL, 'SFPDrh4gR25aEXpTtVAI', 'SFPDrh4gR25aEXpTtVAI', NULL, '', 2, '2026-04-24 17:10:38', '2026-04-24 17:10:38'),
(1777057843, '2000000049', '[\"1777000553\"]', '1777000553', '2026-05-04', '16:30:02', '2026-05', 25, 109, 'กลางคืน', 'หมายจับ-ค้น', '1/2569', 'หมายจับ-ค้น', 'ผู้พิพากษา2', 2500.00, 'Blue', NULL, 'us1Sfh7kgGZQRbaDMPKi', 'us1Sfh7kgGZQRbaDMPKi', NULL, '', 2, '2026-04-24 15:54:56', '2026-04-24 15:54:56'),
(1777057884, '2000000012', '[\"1777000553\"]', '1777000553', '2026-05-07', '16:30:01', '2026-05', 25, 116, 'กลางคืน', 'หมายจับ-ค้น', '1/2569', 'หมายจับ-ค้น', 'ผู้พิพากษา1', 2500.00, 'Blue', NULL, '2yL5iJ3SpDxFHMvgohKu', '2yL5iJ3SpDxFHMvgohKu', NULL, '', 2, '2026-04-24 17:10:38', '2026-04-24 17:10:38'),
(1777057930, '2000000010', '[\"1776932612\"]', '1776932612', '2026-05-30', '08:30:10', '2026-05', 27, 120, 'กลางวัน', 'ศาลแขวงและพิจารณาคำร้องขอปล่อยชั่วคราว', '1/2569', 'ศาลแขวงและพิจารณาคำร้องขอปล่อยชั่วคราว', 'งานผัดฟ้อง-ฝากขัง', 1500.00, 'BlueViolet', NULL, 'gdUwnzcM0ThaJjYPfbN8', 'gdUwnzcM0ThaJjYPfbN8', NULL, '', 1, '2026-04-24 17:08:39', '2026-04-24 17:08:39'),
(1777058163, '2000000037', '[\"1777000553\"]', '1777000553', '2026-05-21', '16:30:02', '2026-05', 25, 109, 'กลางคืน', 'หมายจับ-ค้น', '1/2569', 'หมายจับ-ค้น', 'ผู้พิพากษา2', 2500.00, 'Blue', NULL, 'RaxuMtQ6oWPpre9qmA8j', 'RaxuMtQ6oWPpre9qmA8j', NULL, '', 2, '2026-04-24 15:54:56', '2026-04-24 15:54:56'),
(1777058290, '2000000016', '[\"1776946678\"]', '1776946678', '2026-05-02', '08:30:09', '2026-05', 28, 127, 'กลางวัน', 'เวรเปิดทำการพิจารณาคำร้องขอปล่อยชั่วคราว', '1/2569', 'เวรเปิดทำการพิจารณาคำร้องขอปล่อยชั่วคราว', 'งานหมาย/รับคำร้อง', 1500.00, 'Chocolate', NULL, 'hujR0sEP2pm1LqIt54wQ', 'hujR0sEP2pm1LqIt54wQ', NULL, '', 2, '2026-04-24 17:21:43', '2026-04-24 17:21:43'),
(1777058780, '2000000015', '[\"1777000553\"]', '1777000553', '2026-05-31', '16:30:02', '2026-05', 25, 109, 'กลางคืน', 'หมายจับ-ค้น', '1/2569', 'หมายจับ-ค้น', 'ผู้พิพากษา2', 2500.00, 'Blue', NULL, 'MHxZAsnl1KF8wiI3YqES', 'MHxZAsnl1KF8wiI3YqES', NULL, '', 2, '2026-04-24 15:54:56', '2026-04-24 15:54:56'),
(1777059106, '1680161969', '[\"1776932612\"]', '1776932612', '2026-05-09', '08:30:11', '2026-05', 27, 121, 'กลางวัน', 'ศาลแขวงและพิจารณาคำร้องขอปล่อยชั่วคราว', '1/2569', 'ศาลแขวงและพิจารณาคำร้องขอปล่อยชั่วคราว', 'งานประชาสัมพันธ์', 1500.00, 'BlueViolet', NULL, '9Uax0f2uo4HlDZEJ6MiT', '9Uax0f2uo4HlDZEJ6MiT', NULL, '', 1, '2026-04-24 17:08:51', '2026-04-24 17:08:51'),
(1777059415, '2000000020', '[\"1777000553\"]', '1777000553', '2026-05-17', '16:30:02', '2026-05', 25, 109, 'กลางคืน', 'หมายจับ-ค้น', '1/2569', 'หมายจับ-ค้น', 'ผู้พิพากษา2', 2500.00, 'Blue', NULL, 'xUeDgaOcR0FMzsZtEoPW', 'xUeDgaOcR0FMzsZtEoPW', NULL, '', 2, '2026-04-24 15:54:56', '2026-04-24 15:54:56'),
(1777059493, '2000000018', '[\"1776946678\"]', '1776946678', '2026-05-04', '08:30:10', '2026-05', 28, 128, 'กลางวัน', 'เวรเปิดทำการพิจารณาคำร้องขอปล่อยชั่วคราว', '1/2569', 'เวรเปิดทำการพิจารณาคำร้องขอปล่อยชั่วคราว', 'งานประชาสัมพันธ์', 1500.00, 'Chocolate', NULL, 'NeiBYIo8zJEt7ZqrshmC', 'NeiBYIo8zJEt7ZqrshmC', NULL, '', 2, '2026-04-24 17:22:07', '2026-04-24 17:22:07'),
(1777059973, '2000000026', '[\"1777000553\"]', '1777000553', '2026-05-21', '16:30:01', '2026-05', 25, 116, 'กลางคืน', 'หมายจับ-ค้น', '1/2569', 'หมายจับ-ค้น', 'ผู้พิพากษา1', 2500.00, 'Blue', NULL, 'wM5UdKB9j1S6ze8CFXYi', 'wM5UdKB9j1S6ze8CFXYi', NULL, '', 2, '2026-04-24 17:10:38', '2026-04-24 17:10:38'),
(1777062261, '1680161948', '[\"1776946678\"]', '1776946678', '2026-05-04', '08:30:05', '2026-05', 28, 124, 'กลางวัน', 'เวรเปิดทำการพิจารณาคำร้องขอปล่อยชั่วคราว', '1/2569', 'เวรเปิดทำการพิจารณาคำร้องขอปล่อยชั่วคราว', 'ผู้พิพากษา1', 3000.00, 'Chocolate', NULL, '9KFZlIhDWVsSjLown4Oz', '9KFZlIhDWVsSjLown4Oz', NULL, '', 2, '2026-04-24 16:57:59', '2026-04-24 16:57:59'),
(1777062903, '1680161967', '[\"1776946678\"]', '1776946678', '2026-05-10', '08:30:10', '2026-05', 28, 128, 'กลางวัน', 'เวรเปิดทำการพิจารณาคำร้องขอปล่อยชั่วคราว', '1/2569', 'เวรเปิดทำการพิจารณาคำร้องขอปล่อยชั่วคราว', 'งานประชาสัมพันธ์', 1500.00, 'Chocolate', NULL, 'Jhdr3ItT74k2GUs1a5Hp', 'Jhdr3ItT74k2GUs1a5Hp', NULL, '', 2, '2026-04-24 17:22:07', '2026-04-24 17:22:07'),
(1777063386, '2000000042', '[\"1776932612\"]', '1776932612', '2026-05-30', '08:30:05', '2026-05', 27, 118, 'กลางวัน', 'ศาลแขวงและพิจารณาคำร้องขอปล่อยชั่วคราว', '1/2569', 'ศาลแขวงและพิจารณาคำร้องขอปล่อยชั่วคราว', 'ผู้พิพากษา1', 3000.00, 'BlueViolet', NULL, 'ay0BtmboiH3POjUTYDN8', 'ay0BtmboiH3POjUTYDN8', NULL, '', 1, '2026-04-24 17:07:27', '2026-04-24 17:07:27'),
(1777064375, '1680161969', '[\"1777000553\"]', '1777000553', '2026-05-03', '16:30:04', '2026-05', 25, 110, 'กลางคืน', 'หมายจับ-ค้น', '1/2569', 'หมายจับ-ค้น', 'จนท2', 1200.00, 'Blue', NULL, 'K482Yl3IgExBTzdeRV1L', 'K482Yl3IgExBTzdeRV1L', NULL, '', 2, '2026-04-24 15:55:40', '2026-04-24 15:55:40'),
(1777064464, '2000000026', '[\"1777000553\"]', '1777000553', '2026-05-27', '16:30:03', '2026-05', 25, 117, 'กลางคืน', 'หมายจับ-ค้น', '1/2569', 'หมายจับ-ค้น', 'จนท1', 1200.00, 'Blue', NULL, 'YMhmtVl2B1nkFqgy8Gjz', 'YMhmtVl2B1nkFqgy8Gjz', NULL, '', 2, '2026-04-24 15:55:25', '2026-04-24 15:55:25'),
(1777064563, '2000000040', '[\"1777000553\"]', '1777000553', '2026-05-04', '16:30:01', '2026-05', 25, 116, 'กลางคืน', 'หมายจับ-ค้น', '1/2569', 'หมายจับ-ค้น', 'ผู้พิพากษา1', 2500.00, 'Blue', NULL, 'BJCsFropbu4YXRn0hifq', 'BJCsFropbu4YXRn0hifq', NULL, '', 2, '2026-04-24 17:10:38', '2026-04-24 17:10:38'),
(1777065800, '1680161969', '[\"1776932612\"]', '1776932612', '2026-05-16', '08:30:10', '2026-05', 27, 120, 'กลางวัน', 'ศาลแขวงและพิจารณาคำร้องขอปล่อยชั่วคราว', '1/2569', 'ศาลแขวงและพิจารณาคำร้องขอปล่อยชั่วคราว', 'งานผัดฟ้อง-ฝากขัง', 1500.00, 'BlueViolet', NULL, '0KJvsrlEn7kuqPjWDXdN', '0KJvsrlEn7kuqPjWDXdN', NULL, '', 1, '2026-04-24 17:08:39', '2026-04-24 17:08:39'),
(1777066279, '2000000040', '[\"1777000553\"]', '1777000553', '2026-05-12', '16:30:01', '2026-05', 25, 116, 'กลางคืน', 'หมายจับ-ค้น', '1/2569', 'หมายจับ-ค้น', 'ผู้พิพากษา1', 2500.00, 'Blue', NULL, 'q6rkV8ojbPGNlxLW5ZTc', 'q6rkV8ojbPGNlxLW5ZTc', NULL, '', 2, '2026-04-24 17:10:38', '2026-04-24 17:10:38'),
(1777066536, '2000000030', '[\"1777000553\"]', '1777000553', '2026-05-25', '16:30:02', '2026-05', 25, 109, 'กลางคืน', 'หมายจับ-ค้น', '1/2569', 'หมายจับ-ค้น', 'ผู้พิพากษา2', 2500.00, 'Blue', NULL, '0ktnmx9lA5sqDyCTRGLX', '0ktnmx9lA5sqDyCTRGLX', NULL, '', 2, '2026-04-24 15:54:56', '2026-04-24 15:54:56'),
(1777067490, '2000000008', '[\"1776932612\"]', '1776932612', '2026-05-03', '08:30:07', '2026-05', 27, 114, 'กลางวัน', 'ศาลแขวงและพิจารณาคำร้องขอปล่อยชั่วคราว', '1/2569', 'ศาลแขวงและพิจารณาคำร้องขอปล่อยชั่วคราว', 'หัวหน้ากลุ่ม', 1500.00, 'BlueViolet', NULL, 'T4cQrobHkXfGYzNPuL0U', 'T4cQrobHkXfGYzNPuL0U', NULL, '', 1, '2026-04-24 17:07:56', '2026-04-24 17:07:56'),
(1777068755, '2000000024', '[\"1777000553\"]', '1777000553', '2026-05-20', '16:30:04', '2026-05', 25, 110, 'กลางคืน', 'หมายจับ-ค้น', '1/2569', 'หมายจับ-ค้น', 'จนท2', 1200.00, 'Blue', NULL, 'fMceSZ98sO0vP4KFUtTB', 'fMceSZ98sO0vP4KFUtTB', NULL, '', 2, '2026-04-24 15:55:40', '2026-04-24 15:55:40'),
(1777069060, '2000000042', '[\"1776932612\"]', '1776932612', '2026-05-30', '08:30:11', '2026-05', 27, 121, 'กลางวัน', 'ศาลแขวงและพิจารณาคำร้องขอปล่อยชั่วคราว', '1/2569', 'ศาลแขวงและพิจารณาคำร้องขอปล่อยชั่วคราว', 'งานประชาสัมพันธ์', 1500.00, 'BlueViolet', NULL, 'hcMr7ftPGLFENbwW8vZd', 'hcMr7ftPGLFENbwW8vZd', NULL, '', 1, '2026-04-24 17:08:51', '2026-04-24 17:08:51'),
(1777069476, '2000000030', '[\"1776946678\"]', '1776946678', '2026-05-24', '08:30:10', '2026-05', 28, 128, 'กลางวัน', 'เวรเปิดทำการพิจารณาคำร้องขอปล่อยชั่วคราว', '1/2569', 'เวรเปิดทำการพิจารณาคำร้องขอปล่อยชั่วคราว', 'งานประชาสัมพันธ์', 1500.00, 'Chocolate', NULL, 'BVNu2nRTErZaJPW147it', 'BVNu2nRTErZaJPW147it', NULL, '', 2, '2026-04-24 17:22:07', '2026-04-24 17:22:07'),
(1777069933, '2000000014', '[\"1777000553\"]', '1777000553', '2026-05-07', '16:30:04', '2026-05', 25, 110, 'กลางคืน', 'หมายจับ-ค้น', '1/2569', 'หมายจับ-ค้น', 'จนท2', 1200.00, 'Blue', NULL, 'SQcfRMswZnT3y2Y09irO', 'SQcfRMswZnT3y2Y09irO', NULL, '', 2, '2026-04-24 15:55:40', '2026-04-24 15:55:40'),
(1777070881, '2000000027', '[\"1777000553\"]', '1777000553', '2026-05-22', '16:30:01', '2026-05', 25, 116, 'กลางคืน', 'หมายจับ-ค้น', '1/2569', 'หมายจับ-ค้น', 'ผู้พิพากษา1', 2500.00, 'Blue', NULL, 'DX14sGKzLik0OHlQj9F5', 'DX14sGKzLik0OHlQj9F5', NULL, '', 2, '2026-04-24 17:10:38', '2026-04-24 17:10:38'),
(1777070904, '2000000013', '[\"1777000553\"]', '1777000553', '2026-05-06', '16:30:04', '2026-05', 25, 110, 'กลางคืน', 'หมายจับ-ค้น', '1/2569', 'หมายจับ-ค้น', 'จนท2', 1200.00, 'Blue', NULL, 'rzV51od69fwchWelABNa', 'rzV51od69fwchWelABNa', NULL, '', 2, '2026-04-24 15:55:40', '2026-04-24 15:55:40'),
(1777071524, '2000000003', '[\"1777000553\"]', '1777000553', '2026-05-23', '16:30:03', '2026-05', 25, 117, 'กลางคืน', 'หมายจับ-ค้น', '1/2569', 'หมายจับ-ค้น', 'จนท1', 1200.00, 'Blue', NULL, 'FVy17Ehc6K3o5R0ueLn2', 'FVy17Ehc6K3o5R0ueLn2', NULL, '', 2, '2026-04-24 15:55:25', '2026-04-24 15:55:25'),
(1777071770, '2000000048', '[\"1777000553\"]', '1777000553', '2026-05-21', '16:30:03', '2026-05', 25, 117, 'กลางคืน', 'หมายจับ-ค้น', '1/2569', 'หมายจับ-ค้น', 'จนท1', 1200.00, 'Blue', NULL, 'dksvWFDze1nVCtBQ7bAR', 'dksvWFDze1nVCtBQ7bAR', NULL, '', 2, '2026-04-24 15:55:25', '2026-04-24 15:55:25'),
(1777073846, '2000000042', '[\"1776946678\"]', '1776946678', '2026-05-13', '08:30:08', '2026-05', 28, 130, 'กลางวัน', 'เวรเปิดทำการพิจารณาคำร้องขอปล่อยชั่วคราว', '1/2569', 'เวรเปิดทำการพิจารณาคำร้องขอปล่อยชั่วคราว', 'งานการเงิน', 1500.00, 'Chocolate', NULL, 'wWyeDhFLq67YOE5BX89p', 'wWyeDhFLq67YOE5BX89p', NULL, '', 2, '2026-04-24 17:21:58', '2026-04-24 17:21:58'),
(1777073998, '2000000012', '[\"1776932612\"]', '1776932612', '2026-05-23', '08:30:10', '2026-05', 27, 120, 'กลางวัน', 'ศาลแขวงและพิจารณาคำร้องขอปล่อยชั่วคราว', '1/2569', 'ศาลแขวงและพิจารณาคำร้องขอปล่อยชั่วคราว', 'งานผัดฟ้อง-ฝากขัง', 1500.00, 'BlueViolet', NULL, 'tPokjrLuSXzG0wy5hWRf', 'tPokjrLuSXzG0wy5hWRf', NULL, '', 1, '2026-04-24 17:08:39', '2026-04-24 17:08:39'),
(1777074647, '2000000019', '[\"1776946678\"]', '1776946678', '2026-05-17', '08:30:07', '2026-05', 28, 126, 'กลางวัน', 'เวรเปิดทำการพิจารณาคำร้องขอปล่อยชั่วคราว', '1/2569', 'เวรเปิดทำการพิจารณาคำร้องขอปล่อยชั่วคราว', 'หัวหน้ากลุ่ม', 1500.00, 'Chocolate', NULL, 'fLvaO0qADWCd3zR6Gw45', 'fLvaO0qADWCd3zR6Gw45', NULL, '', 2, '2026-04-24 17:21:34', '2026-04-24 17:21:34'),
(1777074896, '2000000012', '[\"1777000553\"]', '1777000553', '2026-05-18', '16:30:03', '2026-05', 25, 117, 'กลางคืน', 'หมายจับ-ค้น', '1/2569', 'หมายจับ-ค้น', 'จนท1', 1200.00, 'Blue', NULL, 't4ZuhF3i0dbwTysgQv1P', 't4ZuhF3i0dbwTysgQv1P', NULL, '', 2, '2026-04-24 15:55:25', '2026-04-24 15:55:25'),
(1777075363, '2000000027', '[\"1777000553\"]', '1777000553', '2026-05-14', '16:30:01', '2026-05', 25, 116, 'กลางคืน', 'หมายจับ-ค้น', '1/2569', 'หมายจับ-ค้น', 'ผู้พิพากษา1', 2500.00, 'Blue', NULL, '7YyK0DdN5RLfMQaI4Vtv', '7YyK0DdN5RLfMQaI4Vtv', NULL, '', 2, '2026-04-24 17:10:38', '2026-04-24 17:10:38'),
(1777075471, '1680161968', '[\"1776932612\"]', '1776932612', '2026-05-16', '08:30:08', '2026-05', 27, 119, 'กลางวัน', 'ศาลแขวงและพิจารณาคำร้องขอปล่อยชั่วคราว', '1/2569', 'ศาลแขวงและพิจารณาคำร้องขอปล่อยชั่วคราว', 'งานการเงิน', 1500.00, 'BlueViolet', NULL, 'ElpVCujGHBm9rF6wbT1s', 'ElpVCujGHBm9rF6wbT1s', NULL, '', 1, '2026-04-24 17:08:11', '2026-04-24 17:08:11'),
(1777076158, '2000000033', '[\"1777000553\"]', '1777000553', '2026-05-12', '16:30:03', '2026-05', 25, 117, 'กลางคืน', 'หมายจับ-ค้น', '1/2569', 'หมายจับ-ค้น', 'จนท1', 1200.00, 'Blue', NULL, 'QkVuzF9bias8tqZS271j', 'QkVuzF9bias8tqZS271j', NULL, '', 2, '2026-04-24 15:55:25', '2026-04-24 15:55:25'),
(1777076753, '2000000028', '[\"1776932612\"]', '1776932612', '2026-05-23', '08:30:06', '2026-05', 27, 113, 'กลางวัน', 'ศาลแขวงและพิจารณาคำร้องขอปล่อยชั่วคราว', '1/2569', 'ศาลแขวงและพิจารณาคำร้องขอปล่อยชั่วคราว', 'ผู้พิพากษา2', 3000.00, 'BlueViolet', NULL, 'EUwOoBxaXZ9rKz47VfRA', 'EUwOoBxaXZ9rKz47VfRA', NULL, '', 1, '2026-04-24 17:07:41', '2026-04-24 17:07:41'),
(1777078634, '2000000022', '[\"1777000553\"]', '1777000553', '2026-05-24', '16:30:02', '2026-05', 25, 109, 'กลางคืน', 'หมายจับ-ค้น', '1/2569', 'หมายจับ-ค้น', 'ผู้พิพากษา2', 2500.00, 'Blue', NULL, 'wEVuztmIlMKOcjk7rn43', 'wEVuztmIlMKOcjk7rn43', NULL, '', 2, '2026-04-24 15:54:56', '2026-04-24 15:54:56'),
(1777079008, '2000000046', '[\"1777000553\"]', '1777000553', '2026-05-20', '16:30:02', '2026-05', 25, 109, 'กลางคืน', 'หมายจับ-ค้น', '1/2569', 'หมายจับ-ค้น', 'ผู้พิพากษา2', 2500.00, 'Blue', NULL, 'jRFMAdE53avsVPmNBLSK', 'jRFMAdE53avsVPmNBLSK', NULL, '', 2, '2026-04-24 15:54:56', '2026-04-24 15:54:56'),
(1777079298, '2000000012', '[\"1777000553\"]', '1777000553', '2026-05-23', '16:30:01', '2026-05', 25, 116, 'กลางคืน', 'หมายจับ-ค้น', '1/2569', 'หมายจับ-ค้น', 'ผู้พิพากษา1', 2500.00, 'Blue', NULL, '82Yko7gM3WPLFvX1ZUsr', '82Yko7gM3WPLFvX1ZUsr', NULL, '', 2, '2026-04-24 17:10:38', '2026-04-24 17:10:38'),
(1777079511, '2000000027', '[\"1776946678\"]', '1776946678', '2026-05-13', '08:30:09', '2026-05', 28, 127, 'กลางวัน', 'เวรเปิดทำการพิจารณาคำร้องขอปล่อยชั่วคราว', '1/2569', 'เวรเปิดทำการพิจารณาคำร้องขอปล่อยชั่วคราว', 'งานหมาย/รับคำร้อง', 1500.00, 'Chocolate', NULL, 'gvu2oVBUahIQNxFywrEX', 'gvu2oVBUahIQNxFywrEX', NULL, '', 2, '2026-04-24 17:21:43', '2026-04-24 17:21:43'),
(1777079563, '2000000038', '[\"1777000553\"]', '1777000553', '2026-05-30', '16:30:04', '2026-05', 25, 110, 'กลางคืน', 'หมายจับ-ค้น', '1/2569', 'หมายจับ-ค้น', 'จนท2', 1200.00, 'Blue', NULL, 'DnzvmZHd94JXibgK67Rq', 'DnzvmZHd94JXibgK67Rq', NULL, '', 2, '2026-04-24 15:55:40', '2026-04-24 15:55:40'),
(1777079646, '1680161949', '[\"1776932612\"]', '1776932612', '2026-05-16', '08:30:06', '2026-05', 27, 113, 'กลางวัน', 'ศาลแขวงและพิจารณาคำร้องขอปล่อยชั่วคราว', '1/2569', 'ศาลแขวงและพิจารณาคำร้องขอปล่อยชั่วคราว', 'ผู้พิพากษา2', 3000.00, 'BlueViolet', NULL, '9pvRIYH0b2e64CJExuNh', '9pvRIYH0b2e64CJExuNh', NULL, '', 1, '2026-04-24 17:07:41', '2026-04-24 17:07:41'),
(1777079953, '2000000040', '[\"1777000553\"]', '1777000553', '2026-05-12', '16:30:04', '2026-05', 25, 110, 'กลางคืน', 'หมายจับ-ค้น', '1/2569', 'หมายจับ-ค้น', 'จนท2', 1200.00, 'Blue', NULL, '8Qz05ZbWRVMhn4N1KSp6', '8Qz05ZbWRVMhn4N1KSp6', NULL, '', 2, '2026-04-24 15:55:40', '2026-04-24 15:55:40'),
(1777080811, '2000000006', '[\"1777000553\"]', '1777000553', '2026-05-11', '16:30:02', '2026-05', 25, 109, 'กลางคืน', 'หมายจับ-ค้น', '1/2569', 'หมายจับ-ค้น', 'ผู้พิพากษา2', 2500.00, 'Blue', NULL, 'Bwd7fEpADWyURJsu83VK', 'Bwd7fEpADWyURJsu83VK', NULL, '', 2, '2026-04-24 15:54:56', '2026-04-24 15:54:56'),
(1777082130, '2000000019', '[\"1777000553\"]', '1777000553', '2026-05-26', '16:30:03', '2026-05', 25, 117, 'กลางคืน', 'หมายจับ-ค้น', '1/2569', 'หมายจับ-ค้น', 'จนท1', 1200.00, 'Blue', NULL, 'FSXCD6pPVTiatzWU78ov', 'FSXCD6pPVTiatzWU78ov', NULL, '', 2, '2026-04-24 15:55:25', '2026-04-24 15:55:25'),
(1777082461, '2000000002', '[\"1777000553\"]', '1777000553', '2026-05-09', '16:30:01', '2026-05', 25, 116, 'กลางคืน', 'หมายจับ-ค้น', '1/2569', 'หมายจับ-ค้น', 'ผู้พิพากษา1', 2500.00, 'Blue', NULL, '24QVKXT8mxcueGoSMn05', '24QVKXT8mxcueGoSMn05', NULL, '', 2, '2026-04-24 17:10:38', '2026-04-24 17:10:38'),
(1777082565, '2000000001', '[\"1777000553\"]', '1777000553', '2026-05-16', '16:30:01', '2026-05', 25, 116, 'กลางคืน', 'หมายจับ-ค้น', '1/2569', 'หมายจับ-ค้น', 'ผู้พิพากษา1', 2500.00, 'Blue', NULL, 'd8u24CGl6SPA0aJkvoUT', 'd8u24CGl6SPA0aJkvoUT', NULL, '', 2, '2026-04-24 17:10:38', '2026-04-24 17:10:38'),
(1777082655, '2000000017', '[\"1777000553\"]', '1777000553', '2026-05-15', '16:30:04', '2026-05', 25, 110, 'กลางคืน', 'หมายจับ-ค้น', '1/2569', 'หมายจับ-ค้น', 'จนท2', 1200.00, 'Blue', NULL, '86kJQVU24pjsmfgrzwEF', '86kJQVU24pjsmfgrzwEF', NULL, '', 2, '2026-04-24 15:55:40', '2026-04-24 15:55:40'),
(1777083658, '1680161949', '[\"1776932612\"]', '1776932612', '2026-05-16', '08:30:05', '2026-05', 27, 118, 'กลางวัน', 'ศาลแขวงและพิจารณาคำร้องขอปล่อยชั่วคราว', '1/2569', 'ศาลแขวงและพิจารณาคำร้องขอปล่อยชั่วคราว', 'ผู้พิพากษา1', 3000.00, 'BlueViolet', NULL, 'GeCHYih1pUBjknbWNTyo', 'GeCHYih1pUBjknbWNTyo', NULL, '', 1, '2026-04-24 17:07:27', '2026-04-24 17:07:27'),
(1777083849, '1680161966', '[\"1776932612\"]', '1776932612', '2026-05-16', '08:30:11', '2026-05', 27, 121, 'กลางวัน', 'ศาลแขวงและพิจารณาคำร้องขอปล่อยชั่วคราว', '1/2569', 'ศาลแขวงและพิจารณาคำร้องขอปล่อยชั่วคราว', 'งานประชาสัมพันธ์', 1500.00, 'BlueViolet', NULL, 'OB3QqDnyxC58S0AofLwg', 'OB3QqDnyxC58S0AofLwg', NULL, '', 1, '2026-04-24 17:08:51', '2026-04-24 17:08:51'),
(1777084345, '2000000023', '[\"1777000553\"]', '1777000553', '2026-05-22', '16:30:02', '2026-05', 25, 109, 'กลางคืน', 'หมายจับ-ค้น', '1/2569', 'หมายจับ-ค้น', 'ผู้พิพากษา2', 2500.00, 'Blue', NULL, 'Lp1qdUFtByCRHxk5s4mK', 'Lp1qdUFtByCRHxk5s4mK', NULL, '', 2, '2026-04-24 15:54:56', '2026-04-24 15:54:56'),
(1777084384, '2000000024', '[\"1776946678\"]', '1776946678', '2026-05-02', '08:30:06', '2026-05', 28, 125, 'กลางวัน', 'เวรเปิดทำการพิจารณาคำร้องขอปล่อยชั่วคราว', '1/2569', 'เวรเปิดทำการพิจารณาคำร้องขอปล่อยชั่วคราว', 'ผู้พิพากษา2', 3000.00, 'Chocolate', NULL, 'SIuzl9ngpA08mKo64NZk', 'SIuzl9ngpA08mKo64NZk', NULL, '', 2, '2026-04-24 17:21:22', '2026-04-24 17:21:22'),
(1777084462, '2000000034', '[\"1777000553\"]', '1777000553', '2026-05-09', '16:30:02', '2026-05', 25, 109, 'กลางคืน', 'หมายจับ-ค้น', '1/2569', 'หมายจับ-ค้น', 'ผู้พิพากษา2', 2500.00, 'Blue', NULL, 'lIKgRdO8ZDpzev62bWYt', 'lIKgRdO8ZDpzev62bWYt', NULL, '', 2, '2026-04-24 15:54:56', '2026-04-24 15:54:56'),
(1777086077, '2000000040', '[\"1776932612\"]', '1776932612', '2026-05-30', '08:30:08', '2026-05', 27, 119, 'กลางวัน', 'ศาลแขวงและพิจารณาคำร้องขอปล่อยชั่วคราว', '1/2569', 'ศาลแขวงและพิจารณาคำร้องขอปล่อยชั่วคราว', 'งานการเงิน', 1500.00, 'BlueViolet', NULL, 'eKANZBfnawMSi3hsz0cj', 'eKANZBfnawMSi3hsz0cj', NULL, '', 1, '2026-04-24 17:08:11', '2026-04-24 17:08:11'),
(1777086397, '2000000048', '[\"1777000553\"]', '1777000553', '2026-05-07', '16:30:02', '2026-05', 25, 109, 'กลางคืน', 'หมายจับ-ค้น', '1/2569', 'หมายจับ-ค้น', 'ผู้พิพากษา2', 2500.00, 'Blue', NULL, 'CzTVSRpdfeMthQK59LwE', 'CzTVSRpdfeMthQK59LwE', NULL, '', 2, '2026-04-24 15:54:56', '2026-04-24 15:54:56'),
(1777087417, '2000000002', '[\"1777000553\"]', '1777000553', '2026-05-01', '16:30:01', '2026-05', 25, 116, 'กลางคืน', 'หมายจับ-ค้น', '1/2569', 'หมายจับ-ค้น', 'ผู้พิพากษา1', 2500.00, 'Blue', NULL, 'X71WHLa40bxEfteVhFsU', 'X71WHLa40bxEfteVhFsU', NULL, '', 2, '2026-04-24 17:10:38', '2026-04-24 17:10:38'),
(1777088606, '2000000005', '[\"1776946678\"]', '1776946678', '2026-05-24', '08:30:09', '2026-05', 28, 130, 'กลางวัน', 'เวรเปิดทำการพิจารณาคำร้องขอปล่อยชั่วคราว', '1/2569', 'เวรเปิดทำการพิจารณาคำร้องขอปล่อยชั่วคราว', 'งานการเงิน', 1500.00, 'Chocolate', NULL, 'HpU4Q6Y7mfaS1xi3Bj8J', 'HpU4Q6Y7mfaS1xi3Bj8J', NULL, '', 2, '2026-04-24 17:21:58', '2026-04-24 17:21:58'),
(1777088672, '2000000048', '[\"1776932612\"]', '1776932612', '2026-05-23', '08:30:05', '2026-05', 27, 118, 'กลางวัน', 'ศาลแขวงและพิจารณาคำร้องขอปล่อยชั่วคราว', '1/2569', 'ศาลแขวงและพิจารณาคำร้องขอปล่อยชั่วคราว', 'ผู้พิพากษา1', 3000.00, 'BlueViolet', NULL, '4vBcXGweCnFxStVZMsK7', '4vBcXGweCnFxStVZMsK7', NULL, '', 1, '2026-04-24 17:07:27', '2026-04-24 17:07:27'),
(1777088878, '2000000035', '[\"1777000553\"]', '1777000553', '2026-05-25', '16:30:04', '2026-05', 25, 110, 'กลางคืน', 'หมายจับ-ค้น', '1/2569', 'หมายจับ-ค้น', 'จนท2', 1200.00, 'Blue', NULL, 'i4CqLAo8ceyWO1vBRm6s', 'i4CqLAo8ceyWO1vBRm6s', NULL, '', 2, '2026-04-24 15:55:40', '2026-04-24 15:55:40'),
(1777089662, '2000000003', '[\"1776946678\"]', '1776946678', '2026-05-13', '08:30:05', '2026-05', 28, 124, 'กลางวัน', 'เวรเปิดทำการพิจารณาคำร้องขอปล่อยชั่วคราว', '1/2569', 'เวรเปิดทำการพิจารณาคำร้องขอปล่อยชั่วคราว', 'ผู้พิพากษา1', 3000.00, 'Chocolate', NULL, 'TSO2zdgqi5E1IwxHNRJ0', 'TSO2zdgqi5E1IwxHNRJ0', NULL, '', 2, '2026-04-24 16:57:59', '2026-04-24 16:57:59'),
(1777091252, '2000000005', '[\"1777000553\"]', '1777000553', '2026-05-27', '16:30:04', '2026-05', 25, 110, 'กลางคืน', 'หมายจับ-ค้น', '1/2569', 'หมายจับ-ค้น', 'จนท2', 1200.00, 'Blue', NULL, '4rN7ms0JaY5FIv2MDjUB', '4rN7ms0JaY5FIv2MDjUB', NULL, '', 2, '2026-04-24 15:55:40', '2026-04-24 15:55:40'),
(1777091689, '2000000047', '[\"1777000553\"]', '1777000553', '2026-05-18', '16:30:02', '2026-05', 25, 109, 'กลางคืน', 'หมายจับ-ค้น', '1/2569', 'หมายจับ-ค้น', 'ผู้พิพากษา2', 2500.00, 'Blue', NULL, '8Kpc2M1We9bD35QC7wax', '8Kpc2M1We9bD35QC7wax', NULL, '', 2, '2026-04-24 15:54:56', '2026-04-24 15:54:56'),
(1777091852, '2000000008', '[\"1776932612\"]', '1776932612', '2026-05-03', '08:30:11', '2026-05', 27, 121, 'กลางวัน', 'ศาลแขวงและพิจารณาคำร้องขอปล่อยชั่วคราว', '1/2569', 'ศาลแขวงและพิจารณาคำร้องขอปล่อยชั่วคราว', 'งานประชาสัมพันธ์', 1500.00, 'BlueViolet', NULL, 'Cwa7j5hDxEuSQFlHvK18', 'Cwa7j5hDxEuSQFlHvK18', NULL, '', 1, '2026-04-24 17:08:51', '2026-04-24 17:08:51'),
(1777091894, '2000000005', '[\"1777000553\"]', '1777000553', '2026-05-23', '16:30:02', '2026-05', 25, 109, 'กลางคืน', 'หมายจับ-ค้น', '1/2569', 'หมายจับ-ค้น', 'ผู้พิพากษา2', 2500.00, 'Blue', NULL, 'yUBjkiRrbepQsdD2f81E', 'yUBjkiRrbepQsdD2f81E', NULL, '', 2, '2026-04-24 15:54:56', '2026-04-24 15:54:56'),
(1777091990, '2000000033', '[\"1777000553\"]', '1777000553', '2026-05-29', '16:30:04', '2026-05', 25, 110, 'กลางคืน', 'หมายจับ-ค้น', '1/2569', 'หมายจับ-ค้น', 'จนท2', 1200.00, 'Blue', NULL, 'lx1oP7LADbmGjydTH05S', 'lx1oP7LADbmGjydTH05S', NULL, '', 2, '2026-04-24 15:55:40', '2026-04-24 15:55:40'),
(1777092846, '2000000050', '[\"1777000553\"]', '1777000553', '2026-05-05', '16:30:03', '2026-05', 25, 117, 'กลางคืน', 'หมายจับ-ค้น', '1/2569', 'หมายจับ-ค้น', 'จนท1', 1200.00, 'Blue', NULL, 'G2IRlcE8Fevhj1ykoV6A', 'G2IRlcE8Fevhj1ykoV6A', NULL, '', 2, '2026-04-24 15:55:25', '2026-04-24 15:55:25'),
(1777093109, '2000000035', '[\"1777000553\"]', '1777000553', '2026-05-12', '16:30:02', '2026-05', 25, 109, 'กลางคืน', 'หมายจับ-ค้น', '1/2569', 'หมายจับ-ค้น', 'ผู้พิพากษา2', 2500.00, 'Blue', NULL, 'mQCFhxLJyzgj9lOa5X0V', 'mQCFhxLJyzgj9lOa5X0V', NULL, '', 2, '2026-04-24 15:54:56', '2026-04-24 15:54:56'),
(1777093240, '2000000041', '[\"1776946678\"]', '1776946678', '2026-05-31', '08:30:05', '2026-05', 28, 124, 'กลางวัน', 'เวรเปิดทำการพิจารณาคำร้องขอปล่อยชั่วคราว', '1/2569', 'เวรเปิดทำการพิจารณาคำร้องขอปล่อยชั่วคราว', 'ผู้พิพากษา1', 3000.00, 'Chocolate', NULL, 'ynS82LQjDqsEaz4tPvWk', 'ynS82LQjDqsEaz4tPvWk', NULL, '', 2, '2026-04-24 16:57:59', '2026-04-24 16:57:59'),
(1777093623, '2000000004', '[\"1777000553\"]', '1777000553', '2026-05-29', '16:30:02', '2026-05', 25, 109, 'กลางคืน', 'หมายจับ-ค้น', '1/2569', 'หมายจับ-ค้น', 'ผู้พิพากษา2', 2500.00, 'Blue', NULL, 'vaHgAjdcTzGe1tmL5Oi8', 'vaHgAjdcTzGe1tmL5Oi8', NULL, '', 2, '2026-04-24 15:54:56', '2026-04-24 15:54:56'),
(1777093624, '2000000012', '[\"1777000553\"]', '1777000553', '2026-05-15', '16:30:01', '2026-05', 25, 116, 'กลางคืน', 'หมายจับ-ค้น', '1/2569', 'หมายจับ-ค้น', 'ผู้พิพากษา1', 2500.00, 'Blue', NULL, 'qYjt7PQ5z28ALgn91ZmG', 'qYjt7PQ5z28ALgn91ZmG', NULL, '', 2, '2026-04-24 17:10:38', '2026-04-24 17:10:38'),
(1777093648, '2000000036', '[\"1776932612\"]', '1776932612', '2026-05-03', '08:30:09', '2026-05', 27, 129, 'กลางวัน', 'ศาลแขวงและพิจารณาคำร้องขอปล่อยชั่วคราว', '1/2569', 'ศาลแขวงและพิจารณาคำร้องขอปล่อยชั่วคราว', 'งานรับฟ้อง', 1500.00, 'BlueViolet', NULL, 'cbEtPWIOuRMs2ZfjADai', 'cbEtPWIOuRMs2ZfjADai', NULL, '', 1, '2026-04-24 17:08:28', '2026-04-24 17:08:28'),
(1777093743, '2000000018', '[\"1777000553\"]', '1777000553', '2026-05-30', '16:30:02', '2026-05', 25, 109, 'กลางคืน', 'หมายจับ-ค้น', '1/2569', 'หมายจับ-ค้น', 'ผู้พิพากษา2', 2500.00, 'Blue', NULL, 'BzmTZj49deuoVMfGbLPY', 'BzmTZj49deuoVMfGbLPY', NULL, '', 2, '2026-04-24 15:54:56', '2026-04-24 15:54:56'),
(1777094201, '2000000036', '[\"1777000553\"]', '1777000553', '2026-05-19', '16:30:01', '2026-05', 25, 116, 'กลางคืน', 'หมายจับ-ค้น', '1/2569', 'หมายจับ-ค้น', 'ผู้พิพากษา1', 2500.00, 'Blue', NULL, 'kz3yn8fxOQaFcE1T4rhj', 'kz3yn8fxOQaFcE1T4rhj', NULL, '', 2, '2026-04-24 17:10:38', '2026-04-24 17:10:38'),
(1777094927, '2000000015', '[\"1777000553\"]', '1777000553', '2026-05-25', '16:30:03', '2026-05', 25, 117, 'กลางคืน', 'หมายจับ-ค้น', '1/2569', 'หมายจับ-ค้น', 'จนท1', 1200.00, 'Blue', NULL, 'H5SvhGtRwZb83zjYPKN7', 'H5SvhGtRwZb83zjYPKN7', NULL, '', 2, '2026-04-24 15:55:25', '2026-04-24 15:55:25'),
(1777095358, '2000000037', '[\"1777000553\"]', '1777000553', '2026-05-18', '16:30:04', '2026-05', 25, 110, 'กลางคืน', 'หมายจับ-ค้น', '1/2569', 'หมายจับ-ค้น', 'จนท2', 1200.00, 'Blue', NULL, 'tmKSUGzcJ7Qg85eX3FZN', 'tmKSUGzcJ7Qg85eX3FZN', NULL, '', 2, '2026-04-24 15:55:40', '2026-04-24 15:55:40'),
(1777095564, '2000000035', '[\"1777000553\"]', '1777000553', '2026-05-06', '16:30:03', '2026-05', 25, 117, 'กลางคืน', 'หมายจับ-ค้น', '1/2569', 'หมายจับ-ค้น', 'จนท1', 1200.00, 'Blue', NULL, 'iGX8sH4UW7AIedEL1vxF', 'iGX8sH4UW7AIedEL1vxF', NULL, '', 2, '2026-04-24 15:55:25', '2026-04-24 15:55:25'),
(1777096066, '2000000044', '[\"1777000553\"]', '1777000553', '2026-05-06', '16:30:02', '2026-05', 25, 109, 'กลางคืน', 'หมายจับ-ค้น', '1/2569', 'หมายจับ-ค้น', 'ผู้พิพากษา2', 2500.00, 'Blue', NULL, 'W78wDc1bn2Ti3KSOMhIf', 'W78wDc1bn2Ti3KSOMhIf', NULL, '', 2, '2026-04-24 15:54:56', '2026-04-24 15:54:56');
INSERT INTO `ven` (`id`, `user_id`, `ven_com_id`, `ven_com_idb`, `ven_date`, `ven_time`, `ven_month`, `vn_id`, `vns_id`, `DN`, `ven_com_name`, `ven_com_num_all`, `ven_name`, `u_role`, `price`, `color`, `gcal_id`, `ref1`, `ref2`, `file`, `comment`, `status`, `update_at`, `create_at`) VALUES
(1777096496, '2000000002', '[\"1777000553\"]', '1777000553', '2026-05-17', '16:30:01', '2026-05', 25, 116, 'กลางคืน', 'หมายจับ-ค้น', '1/2569', 'หมายจับ-ค้น', 'ผู้พิพากษา1', 2500.00, 'Blue', NULL, 'gXm4lSyIDE7zMfjnPsFr', 'gXm4lSyIDE7zMfjnPsFr', NULL, '', 2, '2026-04-24 17:10:38', '2026-04-24 17:10:38'),
(1777096823, '1680161967', '[\"1776932612\"]', '1776932612', '2026-05-09', '08:30:10', '2026-05', 27, 120, 'กลางวัน', 'ศาลแขวงและพิจารณาคำร้องขอปล่อยชั่วคราว', '1/2569', 'ศาลแขวงและพิจารณาคำร้องขอปล่อยชั่วคราว', 'งานผัดฟ้อง-ฝากขัง', 1500.00, 'BlueViolet', NULL, 'CV60bhJnEeHjtd2cLF9x', 'CV60bhJnEeHjtd2cLF9x', NULL, '', 1, '2026-04-24 17:08:39', '2026-04-24 17:08:39'),
(1777096989, '2000000018', '[\"1776932612\"]', '1776932612', '2026-05-03', '08:30:06', '2026-05', 27, 113, 'กลางวัน', 'ศาลแขวงและพิจารณาคำร้องขอปล่อยชั่วคราว', '1/2569', 'ศาลแขวงและพิจารณาคำร้องขอปล่อยชั่วคราว', 'ผู้พิพากษา2', 3000.00, 'BlueViolet', NULL, 'SqhnuwXgsGeHlJy25490', 'SqhnuwXgsGeHlJy25490', NULL, '', 1, '2026-04-24 17:07:41', '2026-04-24 17:07:41'),
(1777097130, '2000000010', '[\"1776946678\"]', '1776946678', '2026-05-04', '08:30:09', '2026-05', 28, 130, 'กลางวัน', 'เวรเปิดทำการพิจารณาคำร้องขอปล่อยชั่วคราว', '1/2569', 'เวรเปิดทำการพิจารณาคำร้องขอปล่อยชั่วคราว', 'งานการเงิน', 1500.00, 'Chocolate', NULL, 'VRf5jC2ZbFeUO7k1oYmE', 'VRf5jC2ZbFeUO7k1oYmE', NULL, '', 2, '2026-04-24 17:21:58', '2026-04-24 17:21:58'),
(1777097741, '2000000034', '[\"1776932612\"]', '1776932612', '2026-05-23', '08:30:09', '2026-05', 27, 129, 'กลางวัน', 'ศาลแขวงและพิจารณาคำร้องขอปล่อยชั่วคราว', '1/2569', 'ศาลแขวงและพิจารณาคำร้องขอปล่อยชั่วคราว', 'งานรับฟ้อง', 1500.00, 'BlueViolet', NULL, 'qXpNfQnMVy7RUD2CuOI9', 'qXpNfQnMVy7RUD2CuOI9', NULL, '', 1, '2026-04-24 17:08:28', '2026-04-24 17:08:28'),
(1777098148, '2000000025', '[\"1776932612\"]', '1776932612', '2026-05-30', '08:30:09', '2026-05', 27, 129, 'กลางวัน', 'ศาลแขวงและพิจารณาคำร้องขอปล่อยชั่วคราว', '1/2569', 'ศาลแขวงและพิจารณาคำร้องขอปล่อยชั่วคราว', 'งานรับฟ้อง', 1500.00, 'BlueViolet', NULL, 'yReObt0Ti9zgmaWr2XPw', 'yReObt0Ti9zgmaWr2XPw', NULL, '', 1, '2026-04-24 17:08:28', '2026-04-24 17:08:28'),
(1777098805, '2000000012', '[\"1777000553\"]', '1777000553', '2026-05-16', '16:30:04', '2026-05', 25, 110, 'กลางคืน', 'หมายจับ-ค้น', '1/2569', 'หมายจับ-ค้น', 'จนท2', 1200.00, 'Blue', NULL, 'VxWS8O0biCYqrcho9JP6', 'VxWS8O0biCYqrcho9JP6', NULL, '', 2, '2026-04-24 15:55:40', '2026-04-24 15:55:40'),
(1777099201, '2000000009', '[\"1776946678\"]', '1776946678', '2026-05-31', '08:30:07', '2026-05', 28, 126, 'กลางวัน', 'เวรเปิดทำการพิจารณาคำร้องขอปล่อยชั่วคราว', '1/2569', 'เวรเปิดทำการพิจารณาคำร้องขอปล่อยชั่วคราว', 'หัวหน้ากลุ่ม', 1500.00, 'Chocolate', NULL, '3TupiF9E5Mde0j4J1BYP', '3TupiF9E5Mde0j4J1BYP', NULL, '', 2, '2026-04-24 17:21:34', '2026-04-24 17:21:34'),
(1777099408, '2000000005', '[\"1777000553\"]', '1777000553', '2026-05-16', '16:30:03', '2026-05', 25, 117, 'กลางคืน', 'หมายจับ-ค้น', '1/2569', 'หมายจับ-ค้น', 'จนท1', 1200.00, 'Blue', NULL, 'MWgbXtDLNiOaoxkAfrlR', 'MWgbXtDLNiOaoxkAfrlR', NULL, '', 2, '2026-04-24 15:55:25', '2026-04-24 15:55:25'),
(1777099494, '2000000016', '[\"1777000553\"]', '1777000553', '2026-05-10', '16:30:02', '2026-05', 25, 109, 'กลางคืน', 'หมายจับ-ค้น', '1/2569', 'หมายจับ-ค้น', 'ผู้พิพากษา2', 2500.00, 'Blue', NULL, 's1EWUAF8w4VKIdh5NoJS', 's1EWUAF8w4VKIdh5NoJS', NULL, '', 2, '2026-04-24 15:54:56', '2026-04-24 15:54:56'),
(1777100473, '2000000043', '[\"1777000553\"]', '1777000553', '2026-05-08', '16:30:02', '2026-05', 25, 109, 'กลางคืน', 'หมายจับ-ค้น', '1/2569', 'หมายจับ-ค้น', 'ผู้พิพากษา2', 2500.00, 'Blue', NULL, '7iFm0pyz5869chqoAOlx', '7iFm0pyz5869chqoAOlx', NULL, '', 2, '2026-04-24 15:54:56', '2026-04-24 15:54:56'),
(1777100695, '2000000044', '[\"1777000553\"]', '1777000553', '2026-05-14', '16:30:04', '2026-05', 25, 110, 'กลางคืน', 'หมายจับ-ค้น', '1/2569', 'หมายจับ-ค้น', 'จนท2', 1200.00, 'Blue', NULL, 'NFYU5cVl0IbxTimo1zsg', 'NFYU5cVl0IbxTimo1zsg', NULL, '', 2, '2026-04-24 15:55:40', '2026-04-24 15:55:40'),
(1777101073, '2000000035', '[\"1776946678\"]', '1776946678', '2026-05-31', '08:30:06', '2026-05', 28, 125, 'กลางวัน', 'เวรเปิดทำการพิจารณาคำร้องขอปล่อยชั่วคราว', '1/2569', 'เวรเปิดทำการพิจารณาคำร้องขอปล่อยชั่วคราว', 'ผู้พิพากษา2', 3000.00, 'Chocolate', NULL, 'wMO4o6cjfXkyYKve3Lbl', 'wMO4o6cjfXkyYKve3Lbl', NULL, '', 2, '2026-04-24 17:21:22', '2026-04-24 17:21:22'),
(1777101605, '2000000047', '[\"1777000553\"]', '1777000553', '2026-05-22', '16:30:04', '2026-05', 25, 110, 'กลางคืน', 'หมายจับ-ค้น', '1/2569', 'หมายจับ-ค้น', 'จนท2', 1200.00, 'Blue', NULL, 'LaAY0BFNMwpyngrujtbX', 'LaAY0BFNMwpyngrujtbX', NULL, '', 2, '2026-04-24 15:55:40', '2026-04-24 15:55:40'),
(1777101704, '2000000043', '[\"1777000553\"]', '1777000553', '2026-05-31', '16:30:04', '2026-05', 25, 110, 'กลางคืน', 'หมายจับ-ค้น', '1/2569', 'หมายจับ-ค้น', 'จนท2', 1200.00, 'Blue', NULL, '7MwDIASaYKGlhtcLpoOb', '7MwDIASaYKGlhtcLpoOb', NULL, '', 2, '2026-04-24 15:55:40', '2026-04-24 15:55:40'),
(1777101864, '2000000049', '[\"1776932612\"]', '1776932612', '2026-05-30', '08:30:07', '2026-05', 27, 114, 'กลางวัน', 'ศาลแขวงและพิจารณาคำร้องขอปล่อยชั่วคราว', '1/2569', 'ศาลแขวงและพิจารณาคำร้องขอปล่อยชั่วคราว', 'หัวหน้ากลุ่ม', 1500.00, 'BlueViolet', NULL, 'UwI5FQ7DmEHcRfP9GzMb', 'UwI5FQ7DmEHcRfP9GzMb', NULL, '', 1, '2026-04-24 17:07:56', '2026-04-24 17:07:56'),
(1777102791, '2000000001', '[\"1777000553\"]', '1777000553', '2026-05-24', '16:30:01', '2026-05', 25, 116, 'กลางคืน', 'หมายจับ-ค้น', '1/2569', 'หมายจับ-ค้น', 'ผู้พิพากษา1', 2500.00, 'Blue', NULL, 'NE0yZA4bX7nuOq1KYzJC', 'NE0yZA4bX7nuOq1KYzJC', NULL, '', 2, '2026-04-24 17:10:38', '2026-04-24 17:10:38'),
(1777102901, '2000000045', '[\"1776946678\"]', '1776946678', '2026-05-10', '08:30:06', '2026-05', 28, 125, 'กลางวัน', 'เวรเปิดทำการพิจารณาคำร้องขอปล่อยชั่วคราว', '1/2569', 'เวรเปิดทำการพิจารณาคำร้องขอปล่อยชั่วคราว', 'ผู้พิพากษา2', 3000.00, 'Chocolate', NULL, 'flBwEeTSMk8Qs4NbWPU6', 'flBwEeTSMk8Qs4NbWPU6', NULL, '', 2, '2026-04-24 17:21:22', '2026-04-24 17:21:22'),
(1777103987, '2000000045', '[\"1776946678\"]', '1776946678', '2026-05-17', '08:30:10', '2026-05', 28, 128, 'กลางวัน', 'เวรเปิดทำการพิจารณาคำร้องขอปล่อยชั่วคราว', '1/2569', 'เวรเปิดทำการพิจารณาคำร้องขอปล่อยชั่วคราว', 'งานประชาสัมพันธ์', 1500.00, 'Chocolate', NULL, 'TwGug79mBK53HEV2WRSf', 'TwGug79mBK53HEV2WRSf', NULL, '', 2, '2026-04-24 17:22:07', '2026-04-24 17:22:07'),
(1777104091, '2000000023', '[\"1777000553\"]', '1777000553', '2026-05-20', '16:30:03', '2026-05', 25, 117, 'กลางคืน', 'หมายจับ-ค้น', '1/2569', 'หมายจับ-ค้น', 'จนท1', 1200.00, 'Blue', NULL, '9XkTSOm4scruWqYZtLEJ', '9XkTSOm4scruWqYZtLEJ', NULL, '', 2, '2026-04-24 15:55:25', '2026-04-24 15:55:25'),
(1777104095, '2000000024', '[\"1777000553\"]', '1777000553', '2026-05-14', '16:30:03', '2026-05', 25, 117, 'กลางคืน', 'หมายจับ-ค้น', '1/2569', 'หมายจับ-ค้น', 'จนท1', 1200.00, 'Blue', NULL, 'hTipsL67EXcPQFDVyWjB', 'hTipsL67EXcPQFDVyWjB', NULL, '', 2, '2026-04-24 15:55:25', '2026-04-24 15:55:25'),
(1777104799, '2000000024', '[\"1776946678\"]', '1776946678', '2026-05-24', '08:30:06', '2026-05', 28, 125, 'กลางวัน', 'เวรเปิดทำการพิจารณาคำร้องขอปล่อยชั่วคราว', '1/2569', 'เวรเปิดทำการพิจารณาคำร้องขอปล่อยชั่วคราว', 'ผู้พิพากษา2', 3000.00, 'Chocolate', NULL, 'fH1dqyVgoezxG8F02Nac', 'fH1dqyVgoezxG8F02Nac', NULL, '', 2, '2026-04-24 17:21:22', '2026-04-24 17:21:22'),
(1777107651, '2000000013', '[\"1777000553\"]', '1777000553', '2026-05-08', '16:30:03', '2026-05', 25, 117, 'กลางคืน', 'หมายจับ-ค้น', '1/2569', 'หมายจับ-ค้น', 'จนท1', 1200.00, 'Blue', NULL, 'abldsAyWrjKBY0TmLQI5', 'abldsAyWrjKBY0TmLQI5', NULL, '', 2, '2026-04-24 15:55:25', '2026-04-24 15:55:25'),
(1777107773, '1680161950', '[\"1776932612\"]', '1776932612', '2026-05-16', '08:30:07', '2026-05', 27, 114, 'กลางวัน', 'ศาลแขวงและพิจารณาคำร้องขอปล่อยชั่วคราว', '1/2569', 'ศาลแขวงและพิจารณาคำร้องขอปล่อยชั่วคราว', 'หัวหน้ากลุ่ม', 1500.00, 'BlueViolet', NULL, 'GLvAW9H5CstDazSbZVj2', 'GLvAW9H5CstDazSbZVj2', NULL, '', 1, '2026-04-24 17:07:56', '2026-04-24 17:07:56'),
(1777108122, '2000000020', '[\"1777000553\"]', '1777000553', '2026-05-23', '16:30:04', '2026-05', 25, 110, 'กลางคืน', 'หมายจับ-ค้น', '1/2569', 'หมายจับ-ค้น', 'จนท2', 1200.00, 'Blue', NULL, 'nd1lhKiXyDGWNqkO7QvC', 'nd1lhKiXyDGWNqkO7QvC', NULL, '', 2, '2026-04-24 15:55:40', '2026-04-24 15:55:40'),
(1777108187, '2000000042', '[\"1777000553\"]', '1777000553', '2026-05-27', '16:30:02', '2026-05', 25, 109, 'กลางคืน', 'หมายจับ-ค้น', '1/2569', 'หมายจับ-ค้น', 'ผู้พิพากษา2', 2500.00, 'Blue', NULL, 'kIVhCm3EvX5M7gJNAQd4', 'kIVhCm3EvX5M7gJNAQd4', NULL, '', 2, '2026-04-24 15:54:56', '2026-04-24 15:54:56'),
(1777108855, '2000000045', '[\"1777000553\"]', '1777000553', '2026-05-11', '16:30:04', '2026-05', 25, 110, 'กลางคืน', 'หมายจับ-ค้น', '1/2569', 'หมายจับ-ค้น', 'จนท2', 1200.00, 'Blue', NULL, 'rIcJC5ibU7zYjHNpA6uL', 'rIcJC5ibU7zYjHNpA6uL', NULL, '', 2, '2026-04-24 15:55:40', '2026-04-24 15:55:40'),
(1777111079, '2000000031', '[\"1777000553\"]', '1777000553', '2026-05-18', '16:30:01', '2026-05', 25, 116, 'กลางคืน', 'หมายจับ-ค้น', '1/2569', 'หมายจับ-ค้น', 'ผู้พิพากษา1', 2500.00, 'Blue', NULL, 'Dd4miREk7FMNpqXjOthL', 'Dd4miREk7FMNpqXjOthL', NULL, '', 2, '2026-04-24 17:10:38', '2026-04-24 17:10:38'),
(1777111997, '2000000001', '[\"1777000553\"]', '1777000553', '2026-05-08', '16:30:01', '2026-05', 25, 116, 'กลางคืน', 'หมายจับ-ค้น', '1/2569', 'หมายจับ-ค้น', 'ผู้พิพากษา1', 2500.00, 'Blue', NULL, 'ihtAYLu5lbGpJjVcT1gv', 'ihtAYLu5lbGpJjVcT1gv', NULL, '', 2, '2026-04-24 17:10:38', '2026-04-24 17:10:38'),
(1777112226, '2000000016', '[\"1777000553\"]', '1777000553', '2026-05-09', '16:30:04', '2026-05', 25, 110, 'กลางคืน', 'หมายจับ-ค้น', '1/2569', 'หมายจับ-ค้น', 'จนท2', 1200.00, 'Blue', NULL, 'kxRFMa57zisNODVH2hYy', 'kxRFMa57zisNODVH2hYy', NULL, '', 2, '2026-04-24 15:55:40', '2026-04-24 15:55:40'),
(1777112228, '2000000046', '[\"1776946678\"]', '1776946678', '2026-05-13', '08:30:06', '2026-05', 28, 125, 'กลางวัน', 'เวรเปิดทำการพิจารณาคำร้องขอปล่อยชั่วคราว', '1/2569', 'เวรเปิดทำการพิจารณาคำร้องขอปล่อยชั่วคราว', 'ผู้พิพากษา2', 3000.00, 'Chocolate', NULL, '7hI482UTaG9PZ6zkxEqt', '7hI482UTaG9PZ6zkxEqt', NULL, '', 2, '2026-04-24 17:21:22', '2026-04-24 17:21:22'),
(1777113095, '1680161951', '[\"1776932612\"]', '1776932612', '2026-05-09', '08:30:07', '2026-05', 27, 114, 'กลางวัน', 'ศาลแขวงและพิจารณาคำร้องขอปล่อยชั่วคราว', '1/2569', 'ศาลแขวงและพิจารณาคำร้องขอปล่อยชั่วคราว', 'หัวหน้ากลุ่ม', 1500.00, 'BlueViolet', NULL, 'eBZiI3tCuyGXD4zaFMRS', 'eBZiI3tCuyGXD4zaFMRS', NULL, '', 1, '2026-04-24 17:07:56', '2026-04-24 17:07:56'),
(1777113410, '2000000011', '[\"1777000553\"]', '1777000553', '2026-05-05', '16:30:04', '2026-05', 25, 110, 'กลางคืน', 'หมายจับ-ค้น', '1/2569', 'หมายจับ-ค้น', 'จนท2', 1200.00, 'Blue', NULL, 'QA1dYOR8meqnjlrKaxfG', 'QA1dYOR8meqnjlrKaxfG', NULL, '', 2, '2026-04-24 15:55:40', '2026-04-24 15:55:40'),
(1777113714, '2000000046', '[\"1776946678\"]', '1776946678', '2026-05-31', '08:30:08', '2026-05', 28, 127, 'กลางวัน', 'เวรเปิดทำการพิจารณาคำร้องขอปล่อยชั่วคราว', '1/2569', 'เวรเปิดทำการพิจารณาคำร้องขอปล่อยชั่วคราว', 'งานหมาย/รับคำร้อง', 1500.00, 'Chocolate', NULL, 'YcFN6tXeMrQ8KmBj7bq2', 'YcFN6tXeMrQ8KmBj7bq2', NULL, '', 2, '2026-04-24 17:21:43', '2026-04-24 17:21:43'),
(1777114267, '2000000026', '[\"1777000553\"]', '1777000553', '2026-05-13', '16:30:01', '2026-05', 25, 116, 'กลางคืน', 'หมายจับ-ค้น', '1/2569', 'หมายจับ-ค้น', 'ผู้พิพากษา1', 2500.00, 'Blue', NULL, 'EglvicBpIFoXwKuez4Jr', 'EglvicBpIFoXwKuez4Jr', NULL, '', 2, '2026-04-24 17:10:38', '2026-04-24 17:10:38'),
(1777115156, '2000000043', '[\"1776946678\"]', '1776946678', '2026-05-13', '08:30:10', '2026-05', 28, 128, 'กลางวัน', 'เวรเปิดทำการพิจารณาคำร้องขอปล่อยชั่วคราว', '1/2569', 'เวรเปิดทำการพิจารณาคำร้องขอปล่อยชั่วคราว', 'งานประชาสัมพันธ์', 1500.00, 'Chocolate', NULL, 'XhwWOzURkNrfTFPtmVb9', 'XhwWOzURkNrfTFPtmVb9', NULL, '', 2, '2026-04-24 17:22:07', '2026-04-24 17:22:07'),
(1777115300, '2000000031', '[\"1777000553\"]', '1777000553', '2026-05-10', '16:30:01', '2026-05', 25, 116, 'กลางคืน', 'หมายจับ-ค้น', '1/2569', 'หมายจับ-ค้น', 'ผู้พิพากษา1', 2500.00, 'Blue', NULL, 'D2BSsqVQmtPIMz8KwgUl', 'D2BSsqVQmtPIMz8KwgUl', NULL, '', 2, '2026-04-24 17:10:38', '2026-04-24 17:10:38'),
(1777115823, '2000000040', '[\"1777000553\"]', '1777000553', '2026-05-20', '16:30:01', '2026-05', 25, 116, 'กลางคืน', 'หมายจับ-ค้น', '1/2569', 'หมายจับ-ค้น', 'ผู้พิพากษา1', 2500.00, 'Blue', NULL, 'gMsey2NPixjTIX8F5CWZ', 'gMsey2NPixjTIX8F5CWZ', NULL, '', 2, '2026-04-24 17:10:38', '2026-04-24 17:10:38'),
(1777116152, '2000000027', '[\"1777000553\"]', '1777000553', '2026-05-07', '16:30:03', '2026-05', 25, 117, 'กลางคืน', 'หมายจับ-ค้น', '1/2569', 'หมายจับ-ค้น', 'จนท1', 1200.00, 'Blue', NULL, 'O9IgFAVGrNJvPhmbeTty', 'O9IgFAVGrNJvPhmbeTty', NULL, '', 2, '2026-04-24 15:55:25', '2026-04-24 15:55:25'),
(1777116482, '2000000043', '[\"1776946678\"]', '1776946678', '2026-05-31', '08:30:09', '2026-05', 28, 130, 'กลางวัน', 'เวรเปิดทำการพิจารณาคำร้องขอปล่อยชั่วคราว', '1/2569', 'เวรเปิดทำการพิจารณาคำร้องขอปล่อยชั่วคราว', 'งานการเงิน', 1500.00, 'Chocolate', NULL, '1oZz5XyU0DMJ4mwRSEHe', '1oZz5XyU0DMJ4mwRSEHe', NULL, '', 2, '2026-04-24 17:21:58', '2026-04-24 17:21:58'),
(1777117782, '2000000029', '[\"1777000553\"]', '1777000553', '2026-05-26', '16:30:04', '2026-05', 25, 110, 'กลางคืน', 'หมายจับ-ค้น', '1/2569', 'หมายจับ-ค้น', 'จนท2', 1200.00, 'Blue', NULL, 'tL2jE1RwlsAiMf8FDk76', 'tL2jE1RwlsAiMf8FDk76', NULL, '', 2, '2026-04-24 15:55:40', '2026-04-24 15:55:40'),
(1777118094, '2000000031', '[\"1777000553\"]', '1777000553', '2026-05-02', '16:30:01', '2026-05', 25, 116, 'กลางคืน', 'หมายจับ-ค้น', '1/2569', 'หมายจับ-ค้น', 'ผู้พิพากษา1', 2500.00, 'Blue', NULL, 'tBHcpoafmV1PFUJxTd0i', 'tBHcpoafmV1PFUJxTd0i', NULL, '', 2, '2026-04-24 17:10:38', '2026-04-24 17:10:38'),
(1777118507, '2000000013', '[\"1776932612\"]', '1776932612', '2026-05-03', '08:30:08', '2026-05', 27, 119, 'กลางวัน', 'ศาลแขวงและพิจารณาคำร้องขอปล่อยชั่วคราว', '1/2569', 'ศาลแขวงและพิจารณาคำร้องขอปล่อยชั่วคราว', 'งานการเงิน', 1500.00, 'BlueViolet', NULL, 'EkpZjyd3Xaf9oAJ6801x', 'EkpZjyd3Xaf9oAJ6801x', NULL, '', 1, '2026-04-24 17:08:11', '2026-04-24 17:08:11'),
(1777120185, '2000000023', '[\"1776932612\"]', '1776932612', '2026-05-03', '08:30:05', '2026-05', 27, 118, 'กลางวัน', 'ศาลแขวงและพิจารณาคำร้องขอปล่อยชั่วคราว', '1/2569', 'ศาลแขวงและพิจารณาคำร้องขอปล่อยชั่วคราว', 'ผู้พิพากษา1', 3000.00, 'BlueViolet', NULL, 'pwLbxJPDO4egNRFC0lfM', 'pwLbxJPDO4egNRFC0lfM', NULL, '', 1, '2026-04-24 17:07:27', '2026-04-24 17:07:27'),
(1777120775, '1680161948', '[\"1776932612\"]', '1776932612', '2026-05-09', '08:30:06', '2026-05', 27, 113, 'กลางวัน', 'ศาลแขวงและพิจารณาคำร้องขอปล่อยชั่วคราว', '1/2569', 'ศาลแขวงและพิจารณาคำร้องขอปล่อยชั่วคราว', 'ผู้พิพากษา2', 3000.00, 'BlueViolet', NULL, 'Q4sn3Blt7MLhd1EZXyY8', 'Q4sn3Blt7MLhd1EZXyY8', NULL, '', 1, '2026-04-24 17:07:41', '2026-04-24 17:07:41'),
(1777125399, '1680161968', '[\"1776946678\"]', '1776946678', '2026-05-02', '08:30:10', '2026-05', 28, 128, 'กลางวัน', 'เวรเปิดทำการพิจารณาคำร้องขอปล่อยชั่วคราว', '1/2569', 'เวรเปิดทำการพิจารณาคำร้องขอปล่อยชั่วคราว', 'งานประชาสัมพันธ์', 1500.00, 'Chocolate', NULL, 'GqzcrKeBDXdghWxCyFO5', 'GqzcrKeBDXdghWxCyFO5', NULL, '', 2, '2026-04-24 17:22:07', '2026-04-24 17:22:07'),
(1777125904, '2000000001', '[\"1776946678\"]', '1776946678', '2026-05-02', '08:30:07', '2026-05', 28, 126, 'กลางวัน', 'เวรเปิดทำการพิจารณาคำร้องขอปล่อยชั่วคราว', '1/2569', 'เวรเปิดทำการพิจารณาคำร้องขอปล่อยชั่วคราว', 'หัวหน้ากลุ่ม', 1500.00, 'Chocolate', NULL, '4cGAxEzndb01lWR89BT2', '4cGAxEzndb01lWR89BT2', NULL, '', 2, '2026-04-24 17:21:34', '2026-04-24 17:21:34'),
(1777143349, '2000000022', '[\"1776934648\"]', '1776934648', '2026-05-02', '08:30:11', '2026-05', 24, 106, 'กลางวัน', 'ฟื้นฟู/ตรวจสอบการจับ', '2/2569', 'ฟื้นฟู/ตรวจสอบการจับ', 'ผู้พิพากษา1', 3000.00, 'YellowGreen', NULL, 'KXDj0omPE8N1aRO4BhxF', 'KXDj0omPE8N1aRO4BhxF', NULL, '', 2, '2026-04-26 00:53:32', '2026-04-26 00:53:32'),
(1777145148, '2000000034', '[\"1776934648\"]', '1776934648', '2026-05-23', '08:30:16', '2026-05', 24, 123, 'กลางวัน', 'ฟื้นฟู/ตรวจสอบการจับ', '2/2569', 'ฟื้นฟู/ตรวจสอบการจับ', 'งานหน้าบัลลังก์ รับฟ้อง', 1500.00, 'YellowGreen', NULL, 'dSZzg4QcX3N5knyu7Lxm', 'dSZzg4QcX3N5knyu7Lxm', NULL, '', 2, '2026-04-26 01:21:48', '2026-04-26 01:21:48'),
(1777146131, '2000000001', '[\"1776934648\"]', '1776934648', '2026-05-30', '08:30:12', '2026-05', 24, 106, 'กลางวัน', 'ฟื้นฟู/ตรวจสอบการจับ', '2/2569', 'ฟื้นฟู/ตรวจสอบการจับ', 'ผู้พิพากษา1', 3000.00, 'YellowGreen', NULL, 'UaL4uoEwGZJCqhWcl3fH', 'UaL4uoEwGZJCqhWcl3fH', NULL, '', 2, '2026-04-26 00:53:32', '2026-04-26 00:53:32'),
(1777146244, '2000000038', '[\"1776934648\"]', '1776934648', '2026-05-31', '08:30:12', '2026-05', 24, 122, 'กลางวัน', 'ฟื้นฟู/ตรวจสอบการจับ', '2/2569', 'ฟื้นฟู/ตรวจสอบการจับ', 'ผู้พิพากษา2', 3000.00, 'YellowGreen', NULL, '1TIDz8OSJYjGQRugk5Mc', '1TIDz8OSJYjGQRugk5Mc', NULL, '', 2, '2026-04-26 01:20:03', '2026-04-26 01:20:03'),
(1777147973, '2000000002', '[\"1776934648\"]', '1776934648', '2026-05-09', '08:30:13', '2026-05', 24, 122, 'กลางวัน', 'ฟื้นฟู/ตรวจสอบการจับ', '2/2569', 'ฟื้นฟู/ตรวจสอบการจับ', 'ผู้พิพากษา2', 3000.00, 'YellowGreen', NULL, '1Qp4SWgHC7vyLRJrsT9U', '1Qp4SWgHC7vyLRJrsT9U', NULL, '', 2, '2026-04-26 01:20:03', '2026-04-26 01:20:03'),
(1777147976, '2000000004', '[\"1776934648\"]', '1776934648', '2026-05-10', '08:30:15', '2026-05', 24, 123, 'กลางวัน', 'ฟื้นฟู/ตรวจสอบการจับ', '2/2569', 'ฟื้นฟู/ตรวจสอบการจับ', 'งานหน้าบัลลังก์ รับฟ้อง', 1500.00, 'YellowGreen', NULL, '8LDti6UPrn31bNfVlT4m', '8LDti6UPrn31bNfVlT4m', NULL, '', 2, '2026-04-26 01:21:48', '2026-04-26 01:21:48'),
(1777151177, '2000000041', '[\"1776934648\"]', '1776934648', '2026-05-13', '08:30:14', '2026-05', 24, 123, 'กลางวัน', 'ฟื้นฟู/ตรวจสอบการจับ', '2/2569', 'ฟื้นฟู/ตรวจสอบการจับ', 'งานหน้าบัลลังก์ รับฟ้อง', 1500.00, 'YellowGreen', NULL, 'HvoQmepTnitUu0ZGf5EA', 'HvoQmepTnitUu0ZGf5EA', NULL, '', 2, '2026-04-26 01:21:48', '2026-04-26 01:21:48'),
(1777154465, '2000000016', '[\"1776934648\"]', '1776934648', '2026-05-23', '08:30:12', '2026-05', 24, 106, 'กลางวัน', 'ฟื้นฟู/ตรวจสอบการจับ', '2/2569', 'ฟื้นฟู/ตรวจสอบการจับ', 'ผู้พิพากษา1', 3000.00, 'YellowGreen', NULL, 'e5iZAnHYaUxMDIVdoRL2', 'e5iZAnHYaUxMDIVdoRL2', NULL, '', 2, '2026-04-26 00:53:32', '2026-04-26 00:53:32'),
(1777157342, '2000000018', '[\"1776934648\"]', '1776934648', '2026-05-24', '08:30:14', '2026-05', 24, 115, 'กลางวัน', 'ฟื้นฟู/ตรวจสอบการจับ', '2/2569', 'ฟื้นฟู/ตรวจสอบการจับ', 'งานการเงิน ประชาสัมพันธ์', 1500.00, 'YellowGreen', NULL, '6s8blc0EjBX5AwJkQ4rF', '6s8blc0EjBX5AwJkQ4rF', NULL, '', 2, '2026-04-26 01:21:18', '2026-04-26 01:21:18'),
(1777158469, '2000000009', '[\"1776934648\"]', '1776934648', '2026-05-31', '08:30:11', '2026-05', 24, 106, 'กลางวัน', 'ฟื้นฟู/ตรวจสอบการจับ', '2/2569', 'ฟื้นฟู/ตรวจสอบการจับ', 'ผู้พิพากษา1', 3000.00, 'YellowGreen', NULL, 'dtorDJBkK4aePmA8cO6Q', 'dtorDJBkK4aePmA8cO6Q', NULL, '', 2, '2026-04-26 00:53:32', '2026-04-26 00:53:32'),
(1777159906, '1680161964', '[\"1776934648\"]', '1776934648', '2026-05-04', '08:30:14', '2026-05', 24, 123, 'กลางวัน', 'ฟื้นฟู/ตรวจสอบการจับ', '2/2569', 'ฟื้นฟู/ตรวจสอบการจับ', 'งานหน้าบัลลังก์ รับฟ้อง', 1500.00, 'YellowGreen', NULL, '1DJVrYS5LdsEav23HuzU', '1DJVrYS5LdsEav23HuzU', NULL, '', 2, '2026-04-26 01:21:48', '2026-04-26 01:21:48'),
(1777160245, '1680161948', '[\"1776934648\"]', '1776934648', '2026-05-03', '08:30:12', '2026-05', 24, 106, 'กลางวัน', 'ฟื้นฟู/ตรวจสอบการจับ', '2/2569', 'ฟื้นฟู/ตรวจสอบการจับ', 'ผู้พิพากษา1', 3000.00, 'YellowGreen', NULL, 'zOhir01Mn5DljCucH42w', 'zOhir01Mn5DljCucH42w', NULL, '', 2, '2026-04-26 00:53:32', '2026-04-26 00:53:32'),
(1777162552, '2000000002', '[\"1776934648\"]', '1776934648', '2026-05-23', '08:30:14', '2026-05', 24, 107, 'กลางวัน', 'ฟื้นฟู/ตรวจสอบการจับ', '2/2569', 'ฟื้นฟู/ตรวจสอบการจับ', 'หัวหน้ากลุ่ม', 1500.00, 'YellowGreen', NULL, 'XCdON5ZxFHbpTYLgJrtV', 'XCdON5ZxFHbpTYLgJrtV', NULL, '', 2, '2026-04-26 01:20:45', '2026-04-26 01:20:45'),
(1777163047, '2000000040', '[\"1776934648\"]', '1776934648', '2026-05-03', '08:30:14', '2026-05', 24, 107, 'กลางวัน', 'ฟื้นฟู/ตรวจสอบการจับ', '2/2569', 'ฟื้นฟู/ตรวจสอบการจับ', 'หัวหน้ากลุ่ม', 1500.00, 'YellowGreen', NULL, '3XPRw02pHKM18Bva4fV7', '3XPRw02pHKM18Bva4fV7', NULL, '', 2, '2026-04-26 01:20:45', '2026-04-26 01:20:45'),
(1777165646, '2000000050', '[\"1776934648\"]', '1776934648', '2026-05-30', '08:30:15', '2026-05', 24, 115, 'กลางวัน', 'ฟื้นฟู/ตรวจสอบการจับ', '2/2569', 'ฟื้นฟู/ตรวจสอบการจับ', 'งานการเงิน ประชาสัมพันธ์', 1500.00, 'YellowGreen', NULL, 'Jf9UbvBjSK8QGpmuEh1F', 'Jf9UbvBjSK8QGpmuEh1F', NULL, '', 2, '2026-04-26 01:21:18', '2026-04-26 01:21:18'),
(1777166146, '1680161949', '[\"1776934648\"]', '1776934648', '2026-05-04', '08:30:11', '2026-05', 24, 106, 'กลางวัน', 'ฟื้นฟู/ตรวจสอบการจับ', '2/2569', 'ฟื้นฟู/ตรวจสอบการจับ', 'ผู้พิพากษา1', 3000.00, 'YellowGreen', NULL, 'uFWGel5a0rDigKJT3Evd', 'uFWGel5a0rDigKJT3Evd', NULL, '', 2, '2026-04-26 00:53:32', '2026-04-26 00:53:32'),
(1777166401, '2000000028', '[\"1776934648\"]', '1776934648', '2026-05-31', '08:30:13', '2026-05', 24, 107, 'กลางวัน', 'ฟื้นฟู/ตรวจสอบการจับ', '2/2569', 'ฟื้นฟู/ตรวจสอบการจับ', 'หัวหน้ากลุ่ม', 1500.00, 'YellowGreen', NULL, 'uwCpTtzX9OP0msR3Aean', 'uwCpTtzX9OP0msR3Aean', NULL, '', 2, '2026-04-26 01:20:45', '2026-04-26 01:20:45'),
(1777167026, '2000000049', '[\"1776934648\"]', '1776934648', '2026-05-23', '08:30:13', '2026-05', 24, 122, 'กลางวัน', 'ฟื้นฟู/ตรวจสอบการจับ', '2/2569', 'ฟื้นฟู/ตรวจสอบการจับ', 'ผู้พิพากษา2', 3000.00, 'YellowGreen', NULL, 'SwBnomkdJ490MlCXzryN', 'SwBnomkdJ490MlCXzryN', NULL, '', 2, '2026-04-26 01:20:03', '2026-04-26 01:20:03'),
(1777169511, '2000000011', '[\"1776934648\"]', '1776934648', '2026-05-31', '08:30:14', '2026-05', 24, 115, 'กลางวัน', 'ฟื้นฟู/ตรวจสอบการจับ', '2/2569', 'ฟื้นฟู/ตรวจสอบการจับ', 'งานการเงิน ประชาสัมพันธ์', 1500.00, 'YellowGreen', NULL, 'kLNn3tx6Vqh70zumaWZb', 'kLNn3tx6Vqh70zumaWZb', NULL, '', 2, '2026-04-26 01:21:18', '2026-04-26 01:21:18'),
(1777171871, '2000000042', '[\"1776934648\"]', '1776934648', '2026-05-17', '08:30:15', '2026-05', 24, 123, 'กลางวัน', 'ฟื้นฟู/ตรวจสอบการจับ', '2/2569', 'ฟื้นฟู/ตรวจสอบการจับ', 'งานหน้าบัลลังก์ รับฟ้อง', 1500.00, 'YellowGreen', NULL, 'jyFAkCftwnKVBWcRU6uo', 'jyFAkCftwnKVBWcRU6uo', NULL, '', 2, '2026-04-26 01:21:48', '2026-04-26 01:21:48'),
(1777172192, '2000000048', '[\"1776934648\"]', '1776934648', '2026-05-31', '08:30:15', '2026-05', 24, 123, 'กลางวัน', 'ฟื้นฟู/ตรวจสอบการจับ', '2/2569', 'ฟื้นฟู/ตรวจสอบการจับ', 'งานหน้าบัลลังก์ รับฟ้อง', 1500.00, 'YellowGreen', NULL, '7dL1qpygNuVcJBRfxlHX', '7dL1qpygNuVcJBRfxlHX', NULL, '', 2, '2026-04-26 01:21:48', '2026-04-26 01:21:48'),
(1777173759, '2000000039', '[\"1776934648\"]', '1776934648', '2026-05-16', '08:30:16', '2026-05', 24, 123, 'กลางวัน', 'ฟื้นฟู/ตรวจสอบการจับ', '2/2569', 'ฟื้นฟู/ตรวจสอบการจับ', 'งานหน้าบัลลังก์ รับฟ้อง', 1500.00, 'YellowGreen', NULL, 'e7zgqP4sdZ9cLXpV1fjG', 'e7zgqP4sdZ9cLXpV1fjG', NULL, '', 2, '2026-04-26 01:21:48', '2026-04-26 01:21:48'),
(1777174417, '2000000035', '[\"1776934648\"]', '1776934648', '2026-05-17', '08:30:13', '2026-05', 24, 107, 'กลางวัน', 'ฟื้นฟู/ตรวจสอบการจับ', '2/2569', 'ฟื้นฟู/ตรวจสอบการจับ', 'หัวหน้ากลุ่ม', 1500.00, 'YellowGreen', NULL, '4Rp0Q8B59ZCqsTc63gxy', '4Rp0Q8B59ZCqsTc63gxy', NULL, '', 2, '2026-04-26 01:20:45', '2026-04-26 01:20:45'),
(1777175585, '1680161948', '[\"1776934648\"]', '1776934648', '2026-05-03', '08:30:13', '2026-05', 24, 122, 'กลางวัน', 'ฟื้นฟู/ตรวจสอบการจับ', '2/2569', 'ฟื้นฟู/ตรวจสอบการจับ', 'ผู้พิพากษา2', 3000.00, 'YellowGreen', NULL, 'l63ywXc79unCKY2EbtLd', 'l63ywXc79unCKY2EbtLd', NULL, '', 2, '2026-04-26 01:20:03', '2026-04-26 01:20:03'),
(1777177301, '2000000003', '[\"1776934648\"]', '1776934648', '2026-05-16', '08:30:15', '2026-05', 24, 115, 'กลางวัน', 'ฟื้นฟู/ตรวจสอบการจับ', '2/2569', 'ฟื้นฟู/ตรวจสอบการจับ', 'งานการเงิน ประชาสัมพันธ์', 1500.00, 'YellowGreen', NULL, 'GzSpWkqZcJY3X8hw6nO1', 'GzSpWkqZcJY3X8hw6nO1', NULL, '', 2, '2026-04-26 01:21:18', '2026-04-26 01:21:18'),
(1777180308, '2000000036', '[\"1776934648\"]', '1776934648', '2026-05-16', '08:30:12', '2026-05', 24, 106, 'กลางวัน', 'ฟื้นฟู/ตรวจสอบการจับ', '2/2569', 'ฟื้นฟู/ตรวจสอบการจับ', 'ผู้พิพากษา1', 3000.00, 'YellowGreen', NULL, 'LhGFxb4E08TAlI3z57Jc', 'LhGFxb4E08TAlI3z57Jc', NULL, '', 2, '2026-04-26 00:53:32', '2026-04-26 00:53:32'),
(1777183713, '2000000047', '[\"1776934648\"]', '1776934648', '2026-05-24', '08:30:13', '2026-05', 24, 107, 'กลางวัน', 'ฟื้นฟู/ตรวจสอบการจับ', '2/2569', 'ฟื้นฟู/ตรวจสอบการจับ', 'หัวหน้ากลุ่ม', 1500.00, 'YellowGreen', NULL, 'kG6Rlbfc2BuYWyQitOVj', 'kG6Rlbfc2BuYWyQitOVj', NULL, '', 2, '2026-04-26 01:20:45', '2026-04-26 01:20:45'),
(1777183940, '2000000045', '[\"1776934648\"]', '1776934648', '2026-05-09', '08:30:16', '2026-05', 24, 123, 'กลางวัน', 'ฟื้นฟู/ตรวจสอบการจับ', '2/2569', 'ฟื้นฟู/ตรวจสอบการจับ', 'งานหน้าบัลลังก์ รับฟ้อง', 1500.00, 'YellowGreen', NULL, 'Bkg8edIi9cnZwE4rUTo7', 'Bkg8edIi9cnZwE4rUTo7', NULL, '', 2, '2026-04-26 01:21:48', '2026-04-26 01:21:48'),
(1777186123, '2000000049', '[\"1776934648\"]', '1776934648', '2026-05-24', '08:30:15', '2026-05', 24, 123, 'กลางวัน', 'ฟื้นฟู/ตรวจสอบการจับ', '2/2569', 'ฟื้นฟู/ตรวจสอบการจับ', 'งานหน้าบัลลังก์ รับฟ้อง', 1500.00, 'YellowGreen', NULL, '5YGWz6m8yjnRTqE7Vwux', '5YGWz6m8yjnRTqE7Vwux', NULL, '', 2, '2026-04-26 01:21:48', '2026-04-26 01:21:48'),
(1777186300, '2000000039', '[\"1776934648\"]', '1776934648', '2026-05-10', '08:30:11', '2026-05', 24, 106, 'กลางวัน', 'ฟื้นฟู/ตรวจสอบการจับ', '2/2569', 'ฟื้นฟู/ตรวจสอบการจับ', 'ผู้พิพากษา1', 3000.00, 'YellowGreen', NULL, 'HQKX93dEz6JTvLjuslgA', 'HQKX93dEz6JTvLjuslgA', NULL, '', 2, '2026-04-26 00:53:32', '2026-04-26 00:53:32'),
(1777187280, '2000000041', '[\"1776934648\"]', '1776934648', '2026-05-10', '08:30:13', '2026-05', 24, 107, 'กลางวัน', 'ฟื้นฟู/ตรวจสอบการจับ', '2/2569', 'ฟื้นฟู/ตรวจสอบการจับ', 'หัวหน้ากลุ่ม', 1500.00, 'YellowGreen', NULL, 'zoVutOLPGDK56NgqFBTH', 'zoVutOLPGDK56NgqFBTH', NULL, '', 2, '2026-04-26 01:20:45', '2026-04-26 01:20:45'),
(1777188873, '1680161953', '[\"1776934648\"]', '1776934648', '2026-05-16', '08:30:14', '2026-05', 24, 107, 'กลางวัน', 'ฟื้นฟู/ตรวจสอบการจับ', '2/2569', 'ฟื้นฟู/ตรวจสอบการจับ', 'หัวหน้ากลุ่ม', 1500.00, 'YellowGreen', NULL, '1IvoepKlsFZtYfzCUc6P', '1IvoepKlsFZtYfzCUc6P', NULL, '', 2, '2026-04-26 01:20:45', '2026-04-26 01:20:45'),
(1777189206, '1680161961', '[\"1776934648\"]', '1776934648', '2026-05-03', '08:30:15', '2026-05', 24, 115, 'กลางวัน', 'ฟื้นฟู/ตรวจสอบการจับ', '2/2569', 'ฟื้นฟู/ตรวจสอบการจับ', 'งานการเงิน ประชาสัมพันธ์', 1500.00, 'YellowGreen', NULL, '1mTgbiyzax3RUYVhEnHX', '1mTgbiyzax3RUYVhEnHX', NULL, '', 2, '2026-04-26 01:21:18', '2026-04-26 01:21:18'),
(1777189296, '2000000050', '[\"1776934648\"]', '1776934648', '2026-05-02', '08:30:12', '2026-05', 24, 122, 'กลางวัน', 'ฟื้นฟู/ตรวจสอบการจับ', '2/2569', 'ฟื้นฟู/ตรวจสอบการจับ', 'ผู้พิพากษา2', 3000.00, 'YellowGreen', NULL, 'WwRSlMAm9buVK3J1UB5D', 'WwRSlMAm9buVK3J1UB5D', NULL, '', 2, '2026-04-26 01:20:03', '2026-04-26 01:20:03'),
(1777189589, '2000000018', '[\"1776934648\"]', '1776934648', '2026-05-30', '08:30:13', '2026-05', 24, 122, 'กลางวัน', 'ฟื้นฟู/ตรวจสอบการจับ', '2/2569', 'ฟื้นฟู/ตรวจสอบการจับ', 'ผู้พิพากษา2', 3000.00, 'YellowGreen', NULL, 'brQwEn7eCvY4Km3cX2TO', 'brQwEn7eCvY4Km3cX2TO', NULL, '', 2, '2026-04-26 01:20:03', '2026-04-26 01:20:03'),
(1777193563, '2000000040', '[\"1776934648\"]', '1776934648', '2026-05-02', '08:30:14', '2026-05', 24, 115, 'กลางวัน', 'ฟื้นฟู/ตรวจสอบการจับ', '2/2569', 'ฟื้นฟู/ตรวจสอบการจับ', 'งานการเงิน ประชาสัมพันธ์', 1500.00, 'YellowGreen', NULL, 'VP7JraiBjy5zdRQUKbmY', 'VP7JraiBjy5zdRQUKbmY', NULL, '', 2, '2026-04-26 01:21:18', '2026-04-26 01:21:18'),
(1777194244, '2000000041', '[\"1776934648\"]', '1776934648', '2026-05-17', '08:30:11', '2026-05', 24, 106, 'กลางวัน', 'ฟื้นฟู/ตรวจสอบการจับ', '2/2569', 'ฟื้นฟู/ตรวจสอบการจับ', 'ผู้พิพากษา1', 3000.00, 'YellowGreen', NULL, 'JRUz1vowGsLQcku8q2d5', 'JRUz1vowGsLQcku8q2d5', NULL, '', 2, '2026-04-26 00:53:32', '2026-04-26 00:53:32'),
(1777196665, '2000000030', '[\"1776934648\"]', '1776934648', '2026-05-24', '08:30:12', '2026-05', 24, 122, 'กลางวัน', 'ฟื้นฟู/ตรวจสอบการจับ', '2/2569', 'ฟื้นฟู/ตรวจสอบการจับ', 'ผู้พิพากษา2', 3000.00, 'YellowGreen', NULL, 'iwrm3Ze6U7GzCOWuQcJ0', 'iwrm3Ze6U7GzCOWuQcJ0', NULL, '', 2, '2026-04-26 01:20:03', '2026-04-26 01:20:03'),
(1777198342, '2000000001', '[\"1776934648\"]', '1776934648', '2026-05-30', '08:30:14', '2026-05', 24, 107, 'กลางวัน', 'ฟื้นฟู/ตรวจสอบการจับ', '2/2569', 'ฟื้นฟู/ตรวจสอบการจับ', 'หัวหน้ากลุ่ม', 1500.00, 'YellowGreen', NULL, 'mnU2K0WXxOd65YeBi9cG', 'mnU2K0WXxOd65YeBi9cG', NULL, '', 2, '2026-04-26 01:20:45', '2026-04-26 01:20:45'),
(1777199892, '2000000011', '[\"1776934648\"]', '1776934648', '2026-05-16', '08:30:13', '2026-05', 24, 122, 'กลางวัน', 'ฟื้นฟู/ตรวจสอบการจับ', '2/2569', 'ฟื้นฟู/ตรวจสอบการจับ', 'ผู้พิพากษา2', 3000.00, 'YellowGreen', NULL, 'hvc52rijMOKRbJkVHNZA', 'hvc52rijMOKRbJkVHNZA', NULL, '', 2, '2026-04-26 01:20:03', '2026-04-26 01:20:03'),
(1777200771, '1680161949', '[\"1776934648\"]', '1776934648', '2026-05-04', '08:30:12', '2026-05', 24, 122, 'กลางวัน', 'ฟื้นฟู/ตรวจสอบการจับ', '2/2569', 'ฟื้นฟู/ตรวจสอบการจับ', 'ผู้พิพากษา2', 3000.00, 'YellowGreen', NULL, 'JYQXhmvtgszx9O6VF7ne', 'JYQXhmvtgszx9O6VF7ne', NULL, '', 2, '2026-04-26 01:20:03', '2026-04-26 01:20:03'),
(1777210844, '2000000006', '[\"1776934648\"]', '1776934648', '2026-05-09', '08:30:15', '2026-05', 24, 115, 'กลางวัน', 'ฟื้นฟู/ตรวจสอบการจับ', '2/2569', 'ฟื้นฟู/ตรวจสอบการจับ', 'งานการเงิน ประชาสัมพันธ์', 1500.00, 'YellowGreen', NULL, 'j2v0cyB79sJf4HXmTkLo', 'j2v0cyB79sJf4HXmTkLo', NULL, '', 2, '2026-04-26 01:21:18', '2026-04-26 01:21:18'),
(1777211620, '2000000012', '[\"1776934648\"]', '1776934648', '2026-05-02', '08:30:15', '2026-05', 24, 123, 'กลางวัน', 'ฟื้นฟู/ตรวจสอบการจับ', '2/2569', 'ฟื้นฟู/ตรวจสอบการจับ', 'งานหน้าบัลลังก์ รับฟ้อง', 1500.00, 'YellowGreen', NULL, 'BoRFHQUkScu06xbqyZ5M', 'BoRFHQUkScu06xbqyZ5M', NULL, '', 2, '2026-04-26 01:21:48', '2026-04-26 01:21:48'),
(1777213455, '2000000004', '[\"1776934648\"]', '1776934648', '2026-05-24', '08:30:11', '2026-05', 24, 106, 'กลางวัน', 'ฟื้นฟู/ตรวจสอบการจับ', '2/2569', 'ฟื้นฟู/ตรวจสอบการจับ', 'ผู้พิพากษา1', 3000.00, 'YellowGreen', NULL, 'rf2Zl3Fkp9UynbM8Vqv0', 'rf2Zl3Fkp9UynbM8Vqv0', NULL, '', 2, '2026-04-26 00:53:32', '2026-04-26 00:53:32'),
(1777214037, '1680161963', '[\"1776934648\"]', '1776934648', '2026-05-03', '08:30:16', '2026-05', 24, 123, 'กลางวัน', 'ฟื้นฟู/ตรวจสอบการจับ', '2/2569', 'ฟื้นฟู/ตรวจสอบการจับ', 'งานหน้าบัลลังก์ รับฟ้อง', 1500.00, 'YellowGreen', NULL, 'CxuXlpRSqtDHFMrbGiVd', 'CxuXlpRSqtDHFMrbGiVd', NULL, '', 2, '2026-04-26 01:21:48', '2026-04-26 01:21:48'),
(1777215283, '2000000002', '[\"1776934648\"]', '1776934648', '2026-05-10', '08:30:14', '2026-05', 24, 115, 'กลางวัน', 'ฟื้นฟู/ตรวจสอบการจับ', '2/2569', 'ฟื้นฟู/ตรวจสอบการจับ', 'งานการเงิน ประชาสัมพันธ์', 1500.00, 'YellowGreen', NULL, 'nPtEh2DxU8Zcjk97LgeF', 'nPtEh2DxU8Zcjk97LgeF', NULL, '', 2, '2026-04-26 01:21:18', '2026-04-26 01:21:18'),
(1777218538, '2000000001', '[\"1776934648\"]', '1776934648', '2026-05-13', '08:30:13', '2026-05', 24, 115, 'กลางวัน', 'ฟื้นฟู/ตรวจสอบการจับ', '2/2569', 'ฟื้นฟู/ตรวจสอบการจับ', 'งานการเงิน ประชาสัมพันธ์', 1500.00, 'YellowGreen', NULL, 'IqU8O7D1mAapeTnSQuN9', 'IqU8O7D1mAapeTnSQuN9', NULL, '', 2, '2026-04-26 01:21:18', '2026-04-26 01:21:18'),
(1777223105, '2000000008', '[\"1776934648\"]', '1776934648', '2026-05-17', '08:30:14', '2026-05', 24, 115, 'กลางวัน', 'ฟื้นฟู/ตรวจสอบการจับ', '2/2569', 'ฟื้นฟู/ตรวจสอบการจับ', 'งานการเงิน ประชาสัมพันธ์', 1500.00, 'YellowGreen', NULL, 'udDo0ak4pxsgYGUF6NmO', 'udDo0ak4pxsgYGUF6NmO', NULL, '', 2, '2026-04-26 01:21:18', '2026-04-26 01:21:18'),
(1777223944, '1680161951', '[\"1776934648\"]', '1776934648', '2026-05-02', '08:30:13', '2026-05', 24, 107, 'กลางวัน', 'ฟื้นฟู/ตรวจสอบการจับ', '2/2569', 'ฟื้นฟู/ตรวจสอบการจับ', 'หัวหน้ากลุ่ม', 1500.00, 'YellowGreen', NULL, 'qGl6fTjipWwEKk9c3z5L', 'qGl6fTjipWwEKk9c3z5L', NULL, '', 2, '2026-04-26 01:20:45', '2026-04-26 01:20:45'),
(1777224410, '2000000011', '[\"1776934648\"]', '1776934648', '2026-05-09', '08:30:12', '2026-05', 24, 106, 'กลางวัน', 'ฟื้นฟู/ตรวจสอบการจับ', '2/2569', 'ฟื้นฟู/ตรวจสอบการจับ', 'ผู้พิพากษา1', 3000.00, 'YellowGreen', NULL, 'KPXq1rb6jspiuLDQ7TwE', 'KPXq1rb6jspiuLDQ7TwE', NULL, '', 2, '2026-04-26 00:53:32', '2026-04-26 00:53:32'),
(1777226943, '2000000026', '[\"1776934648\"]', '1776934648', '2026-05-17', '08:30:12', '2026-05', 24, 122, 'กลางวัน', 'ฟื้นฟู/ตรวจสอบการจับ', '2/2569', 'ฟื้นฟู/ตรวจสอบการจับ', 'ผู้พิพากษา2', 3000.00, 'YellowGreen', NULL, 'FL0jtRbhgTD3QyuikNJX', 'FL0jtRbhgTD3QyuikNJX', NULL, '', 2, '2026-04-26 01:20:03', '2026-04-26 01:20:03'),
(1777228167, '2000000034', '[\"1776934648\"]', '1776934648', '2026-05-10', '08:30:12', '2026-05', 24, 122, 'กลางวัน', 'ฟื้นฟู/ตรวจสอบการจับ', '2/2569', 'ฟื้นฟู/ตรวจสอบการจับ', 'ผู้พิพากษา2', 3000.00, 'YellowGreen', NULL, 'kRzNc1bYHfdhFG2WJgSe', 'kRzNc1bYHfdhFG2WJgSe', NULL, '', 2, '2026-04-26 01:20:03', '2026-04-26 01:20:03'),
(1777228179, '2000000009', '[\"1776934648\"]', '1776934648', '2026-05-23', '08:30:15', '2026-05', 24, 115, 'กลางวัน', 'ฟื้นฟู/ตรวจสอบการจับ', '2/2569', 'ฟื้นฟู/ตรวจสอบการจับ', 'งานการเงิน ประชาสัมพันธ์', 1500.00, 'YellowGreen', NULL, 'kciEyBsmIbMZAXTHuKow', 'kciEyBsmIbMZAXTHuKow', NULL, '', 2, '2026-04-26 01:21:18', '2026-04-26 01:21:18'),
(1777229799, '2000000023', '[\"1776934648\"]', '1776934648', '2026-05-13', '08:30:12', '2026-05', 24, 122, 'กลางวัน', 'ฟื้นฟู/ตรวจสอบการจับ', '2/2569', 'ฟื้นฟู/ตรวจสอบการจับ', 'ผู้พิพากษา2', 3000.00, 'YellowGreen', NULL, 'YEsGVIDHZdf0KoacWLCF', 'YEsGVIDHZdf0KoacWLCF', NULL, '', 2, '2026-04-26 01:20:03', '2026-04-26 01:20:03'),
(1777236282, '2000000033', '[\"1776934648\"]', '1776934648', '2026-05-30', '08:30:16', '2026-05', 24, 123, 'กลางวัน', 'ฟื้นฟู/ตรวจสอบการจับ', '2/2569', 'ฟื้นฟู/ตรวจสอบการจับ', 'งานหน้าบัลลังก์ รับฟ้อง', 1500.00, 'YellowGreen', NULL, 'CAR2qQjsHLJn4Tpx5Oko', 'CAR2qQjsHLJn4Tpx5Oko', NULL, '', 2, '2026-04-26 01:21:48', '2026-04-26 01:21:48'),
(1777238620, '2000000021', '[\"1776934648\"]', '1776934648', '2026-05-13', '08:30:11', '2026-05', 24, 106, 'กลางวัน', 'ฟื้นฟู/ตรวจสอบการจับ', '2/2569', 'ฟื้นฟู/ตรวจสอบการจับ', 'ผู้พิพากษา1', 3000.00, 'YellowGreen', NULL, '2Nj1JycSMY8eGobmI9lR', '2Nj1JycSMY8eGobmI9lR', NULL, '', 2, '2026-04-26 00:53:32', '2026-04-26 00:53:32'),
(1777239846, '1680161962', '[\"1776934648\"]', '1776934648', '2026-05-04', '08:30:13', '2026-05', 24, 115, 'กลางวัน', 'ฟื้นฟู/ตรวจสอบการจับ', '2/2569', 'ฟื้นฟู/ตรวจสอบการจับ', 'งานการเงิน ประชาสัมพันธ์', 1500.00, 'YellowGreen', NULL, 'GM0rpKn63FHkqswfQEl2', 'GM0rpKn63FHkqswfQEl2', NULL, '', 2, '2026-04-26 01:21:18', '2026-04-26 01:21:18'),
(1777240270, '1680161952', '[\"1776934648\"]', '1776934648', '2026-05-09', '08:30:14', '2026-05', 24, 107, 'กลางวัน', 'ฟื้นฟู/ตรวจสอบการจับ', '2/2569', 'ฟื้นฟู/ตรวจสอบการจับ', 'หัวหน้ากลุ่ม', 1500.00, 'YellowGreen', NULL, 'ukbAIELBjCGtDX67cwaR', 'ukbAIELBjCGtDX67cwaR', NULL, '', 2, '2026-04-26 01:20:45', '2026-04-26 01:20:45');

-- --------------------------------------------------------

--
-- Table structure for table `ven_change`
--

CREATE TABLE `ven_change` (
  `id` varchar(255) NOT NULL,
  `ven_month` varchar(255) DEFAULT NULL,
  `ven_date1` varchar(255) DEFAULT NULL,
  `ven_date2` varchar(255) DEFAULT NULL,
  `ven_com_id` varchar(255) DEFAULT NULL,
  `ven_com_num_all` varchar(255) DEFAULT NULL,
  `DN` varchar(255) DEFAULT NULL,
  `u_role` varchar(255) DEFAULT NULL,
  `ven_id1` int(11) DEFAULT NULL,
  `ven_id2` int(11) DEFAULT NULL,
  `ven_id1_old` int(11) DEFAULT NULL,
  `ven_id2_old` int(11) DEFAULT NULL,
  `user_id1` int(11) DEFAULT NULL,
  `user_id2` int(11) DEFAULT NULL,
  `s_po` int(11) DEFAULT NULL,
  `s_bb` int(11) DEFAULT NULL,
  `file` varchar(255) DEFAULT NULL,
  `status` varchar(255) DEFAULT NULL,
  `ref1` varchar(255) DEFAULT NULL,
  `ref2` varchar(255) DEFAULT NULL,
  `comment` varchar(255) DEFAULT NULL,
  `create_at` datetime DEFAULT NULL
) ENGINE=InnoDB DEFAULT CHARSET=utf8 COLLATE=utf8_unicode_ci;

--
-- Dumping data for table `ven_change`
--

INSERT INTO `ven_change` (`id`, `ven_month`, `ven_date1`, `ven_date2`, `ven_com_id`, `ven_com_num_all`, `DN`, `u_role`, `ven_id1`, `ven_id2`, `ven_id1_old`, `ven_id2_old`, `user_id1`, `user_id2`, `s_po`, `s_bb`, `file`, `status`, `ref1`, `ref2`, `comment`, `create_at`) VALUES
('CH1777004595', '2026-05', '2026-05-02', '2026-05-02', '[1776932612]', '1/2569', 'กลางวัน', 'งานประชาสัมพันธ์', 1777004595, NULL, 1776955628, NULL, 1680161966, 1680161969, NULL, NULL, NULL, '77', 'Uhgn9u2jKMHTcYX5yv3V', NULL, NULL, '2026-04-24 11:23:15'),
('CH1777004918', '2026-05', '2026-05-09', '2026-05-09', '[1776932612]', '1/2569', 'กลางวัน', 'งานผัดฟ้อง-ฝากขัง', 1777004918, NULL, 1776999001, NULL, 1680161969, 1680161967, NULL, NULL, NULL, '1', '8h4cd5oQGHVtKJFpy31f', NULL, NULL, '2026-04-24 11:28:38');

-- --------------------------------------------------------

--
-- Table structure for table `ven_com`
--

CREATE TABLE `ven_com` (
  `id` int(11) NOT NULL,
  `ven_com_num` varchar(255) DEFAULT NULL,
  `ven_com_date` varchar(255) DEFAULT NULL,
  `ven_month` varchar(255) DEFAULT NULL,
  `status` varchar(255) DEFAULT NULL,
  `vn_id` int(11) DEFAULT NULL,
  `comment` varchar(255) DEFAULT NULL,
  `file` varchar(255) DEFAULT NULL,
  `ref` varchar(255) DEFAULT NULL,
  `create_at` datetime DEFAULT NULL
) ENGINE=InnoDB DEFAULT CHARSET=utf8 COLLATE=utf8_unicode_ci;

--
-- Dumping data for table `ven_com`
--

INSERT INTO `ven_com` (`id`, `ven_com_num`, `ven_com_date`, `ven_month`, `status`, `vn_id`, `comment`, `file`, `ref`, `create_at`) VALUES
(1776932612, '1/2569', '2026-04-23', '2026-05', '1', 27, NULL, NULL, 'VH0MoWeF56P2x1NwuTIC', NULL),
(1776934648, '2/2569', '2026-04-23', '2026-05', '1', 24, NULL, NULL, '5OsLyqhirwmIt6vTugDo', NULL),
(1776946678, '1/2569', '2026-04-23', '2026-05', '1', 28, NULL, NULL, 'xM5jOrqBpLwK6lRFSnGv', NULL),
(1777000553, '1/2569', '2026-04-23', '2026-05', '1', 25, NULL, NULL, 'Kf5XNpl9OM83ouQzhwq4', NULL);

-- --------------------------------------------------------

--
-- Table structure for table `ven_name`
--

CREATE TABLE `ven_name` (
  `id` int(11) NOT NULL,
  `name` varchar(255) NOT NULL,
  `DN` varchar(255) DEFAULT NULL,
  `srt` int(11) DEFAULT NULL
) ENGINE=InnoDB DEFAULT CHARSET=utf8 COLLATE=utf8_general_ci;

--
-- Dumping data for table `ven_name`
--

INSERT INTO `ven_name` (`id`, `name`, `DN`, `srt`) VALUES
(24, 'ฟื้นฟู/ตรวจสอบการจับ', 'กลางวัน', 4),
(25, 'หมายจับ-ค้น', 'กลางคืน', 1),
(26, 'ผู้ตรวจ(กลางคืน)', 'กลางคืน', 5),
(27, 'ศาลแขวงและพิจารณาคำร้องขอปล่อยชั่วคราว', 'กลางวัน', 2),
(28, 'เวรเปิดทำการพิจารณาคำร้องขอปล่อยชั่วคราว', 'กลางวัน', 3);

-- --------------------------------------------------------

--
-- Table structure for table `ven_name_sub`
--

CREATE TABLE `ven_name_sub` (
  `id` int(11) NOT NULL,
  `name` varchar(255) NOT NULL,
  `ven_name_id` int(11) NOT NULL,
  `price` int(11) DEFAULT NULL,
  `color` varchar(255) DEFAULT NULL,
  `srt` int(11) DEFAULT NULL
) ENGINE=InnoDB DEFAULT CHARSET=utf8 COLLATE=utf8_general_ci;

--
-- Dumping data for table `ven_name_sub`
--

INSERT INTO `ven_name_sub` (`id`, `name`, `ven_name_id`, `price`, `color`, `srt`) VALUES
(106, 'ผู้พิพากษา1', 24, 3000, 'YellowGreen', 1),
(107, 'หัวหน้ากลุ่ม', 24, 1500, 'YellowGreen', 3),
(109, 'ผู้พิพากษา2', 25, 2500, 'Blue', 2),
(110, 'จนท2', 25, 1200, 'Blue', 4),
(111, 'ผู้ตรวจ', 26, 0, 'DarkCyan', 0),
(113, 'ผู้พิพากษา2', 27, 3000, 'BlueViolet', 2),
(114, 'หัวหน้ากลุ่ม', 27, 1500, 'BlueViolet', 3),
(115, 'งานการเงิน ประชาสัมพันธ์', 24, 1500, 'YellowGreen', 4),
(116, 'ผู้พิพากษา1', 25, 2500, 'Blue', 1),
(117, 'จนท1', 25, 1200, 'Blue', 3),
(118, 'ผู้พิพากษา1', 27, 3000, 'BlueViolet', 1),
(119, 'งานการเงิน', 27, 1500, 'BlueViolet', 4),
(120, 'งานผัดฟ้อง-ฝากขัง', 27, 1500, 'BlueViolet', 6),
(121, 'งานประชาสัมพันธ์', 27, 1500, 'BlueViolet', 7),
(122, 'ผู้พิพากษา2', 24, 3000, 'YellowGreen', 2),
(123, 'งานหน้าบัลลังก์ รับฟ้อง', 24, 1500, 'YellowGreen', 5),
(124, 'ผู้พิพากษา1', 28, 3000, 'Chocolate', 1),
(125, 'ผู้พิพากษา2', 28, 3000, 'Chocolate', 2),
(126, 'หัวหน้ากลุ่ม', 28, 1500, 'Chocolate', 3),
(127, 'งานหมาย/รับคำร้อง', 28, 1500, 'Chocolate', 4),
(128, 'งานประชาสัมพันธ์', 28, 1500, 'Chocolate', 5),
(129, 'งานรับฟ้อง', 27, 1500, 'BlueViolet', 5),
(130, 'งานการเงิน', 28, 1500, 'Chocolate', 4);

-- --------------------------------------------------------

--
-- Table structure for table `ven_user`
--

CREATE TABLE `ven_user` (
  `vu_id` int(11) NOT NULL,
  `user_id` int(11) DEFAULT NULL,
  `order` int(2) DEFAULT NULL,
  `vn_id` int(11) NOT NULL,
  `vns_id` int(11) DEFAULT NULL,
  `comment` varchar(255) DEFAULT NULL,
  `create_at` datetime DEFAULT NULL
) ENGINE=InnoDB DEFAULT CHARSET=utf8 COLLATE=utf8_unicode_ci;

--
-- Dumping data for table `ven_user`
--

INSERT INTO `ven_user` (`vu_id`, `user_id`, `order`, `vn_id`, `vns_id`, `comment`, `create_at`) VALUES
(325, 1680161948, 1, 27, 113, '', '2026-04-23 03:29:40'),
(326, 1680161949, 2, 27, 113, '', '2026-04-23 03:29:56'),
(327, 1680161951, 1, 27, 114, '', '2026-04-23 03:30:09'),
(328, 1680161950, 2, 27, 114, '', '2026-04-23 03:30:17'),
(329, 1680161948, 1, 24, 106, '', '2026-04-23 03:57:50'),
(330, 1680161951, 1, 24, 107, '', '2026-04-23 03:58:05'),
(331, 1680161949, 2, 24, 106, '', '2026-04-23 03:58:14'),
(333, 1680161948, 1, 24, 122, '', '2026-04-23 04:27:06'),
(334, 1680161949, 2, 24, 122, '', '2026-04-23 04:27:12'),
(335, 1680161952, 2, 24, 107, '', '2026-04-23 05:21:03'),
(336, 1680161953, 3, 24, 107, '', '2026-04-23 05:21:31'),
(337, 1680161961, 1, 24, 115, '', '2026-04-23 05:55:50'),
(338, 1680161962, 2, 24, 115, '', '2026-04-23 05:56:09'),
(339, 1680161963, 1, 24, 123, '', '2026-04-23 05:56:26'),
(340, 1680161964, 2, 24, 123, '', '2026-04-23 05:56:49'),
(341, 1680161948, 1, 25, 116, '', '2026-04-23 05:57:13'),
(342, 1680161949, 2, 25, 116, '', '2026-04-23 05:57:34'),
(343, 1680161949, 1, 25, 109, '', '2026-04-23 05:58:04'),
(344, 1680161948, 1, 25, 109, '', '2026-04-23 05:58:22'),
(345, 1680161966, 1, 25, 117, '', '2026-04-23 05:58:38'),
(346, 1680161967, 1, 25, 117, '', '2026-04-23 05:58:54'),
(347, 1680161968, 1, 25, 110, '', '2026-04-23 05:59:13'),
(348, 1680161969, 2, 25, 110, '', '2026-04-23 05:59:38'),
(349, 1680161948, 1, 27, 118, '', '2026-04-23 06:01:43'),
(350, 1680161949, 2, 27, 118, '', '2026-04-23 06:01:59'),
(351, 1680161948, 1, 28, 124, '', '2026-04-23 06:02:50'),
(352, 1680161948, 1, 28, 125, '', '2026-04-23 06:03:40'),
(353, 1680161949, 2, 28, 125, '', '2026-04-23 06:03:57'),
(354, 1680161951, 1, 28, 126, '', '2026-04-23 06:04:19'),
(355, 1680161950, 1, 28, 126, '', '2026-04-23 06:04:41'),
(356, 1680161970, 1, 28, 127, '', '2026-04-23 06:05:05'),
(357, 1680161971, 2, 28, 127, '', '2026-04-23 06:05:25'),
(358, 1680161967, 1, 28, 128, '', '2026-04-23 06:05:48'),
(359, 1680161968, 1, 28, 128, '', '2026-04-23 06:06:06'),
(360, 1680161949, 2, 28, 124, '', '2026-04-23 06:06:48'),
(361, 1680161961, 1, 27, 119, '', '2026-04-23 06:07:12'),
(362, 1680161968, 2, 27, 119, '', '2026-04-23 06:07:28'),
(363, 1680161967, 1, 27, 120, '', '2026-04-23 06:07:48'),
(364, 1680161969, 2, 27, 120, '', '2026-04-23 06:08:08'),
(365, 1680161969, 1, 27, 121, '', '2026-04-23 06:08:30'),
(366, 1680161966, 2, 27, 121, '', '2026-04-23 06:08:47'),
(367, 1680161967, 1, 27, 129, '', '2026-04-23 08:02:54'),
(368, 1680161953, 2, 27, 129, '', '2026-04-23 08:03:12'),
(369, 1680161961, 1, 28, 130, '', '2026-04-23 09:19:31'),
(370, 1680161963, 2, 28, 130, '', '2026-04-23 09:19:50'),
(371, 2000000022, 1, 24, 106, NULL, '2026-04-24 15:48:36'),
(372, 2000000011, 2, 24, 106, NULL, '2026-04-24 15:48:36'),
(373, 2000000039, 3, 24, 106, NULL, '2026-04-24 15:48:36'),
(374, 2000000021, 4, 24, 106, NULL, '2026-04-24 15:48:36'),
(375, 2000000036, 5, 24, 106, NULL, '2026-04-24 15:48:36'),
(376, 2000000041, 6, 24, 106, NULL, '2026-04-24 15:48:36'),
(377, 2000000016, 7, 24, 106, NULL, '2026-04-24 15:48:36'),
(378, 2000000004, 8, 24, 106, NULL, '2026-04-24 15:48:36'),
(379, 2000000001, 9, 24, 106, NULL, '2026-04-24 15:48:36'),
(380, 2000000009, 10, 24, 106, NULL, '2026-04-24 15:48:36'),
(381, 2000000019, 11, 24, 106, NULL, '2026-04-24 15:48:36'),
(382, 2000000020, 12, 24, 106, NULL, '2026-04-24 15:48:36'),
(383, 2000000046, 13, 24, 106, NULL, '2026-04-24 15:48:36'),
(384, 2000000015, 14, 24, 106, NULL, '2026-04-24 15:48:36'),
(385, 2000000049, 15, 24, 106, NULL, '2026-04-24 15:48:36'),
(386, 2000000023, 16, 24, 106, NULL, '2026-04-24 15:48:36'),
(387, 2000000031, 17, 24, 106, NULL, '2026-04-24 15:48:36'),
(388, 2000000043, 18, 24, 106, NULL, '2026-04-24 15:48:36'),
(389, 2000000048, 19, 24, 106, NULL, '2026-04-24 15:48:36'),
(390, 2000000007, 20, 24, 106, NULL, '2026-04-24 15:48:36'),
(391, 2000000029, 21, 24, 106, NULL, '2026-04-24 15:48:36'),
(392, 2000000050, 22, 24, 106, NULL, '2026-04-24 15:48:36'),
(393, 2000000025, 23, 24, 106, NULL, '2026-04-24 15:48:36'),
(394, 2000000040, 24, 24, 106, NULL, '2026-04-24 15:48:36'),
(395, 2000000035, 25, 24, 106, NULL, '2026-04-24 15:48:36'),
(396, 2000000018, 26, 24, 106, NULL, '2026-04-24 15:48:36'),
(397, 2000000014, 27, 24, 106, NULL, '2026-04-24 15:48:36'),
(398, 2000000017, 28, 24, 106, NULL, '2026-04-24 15:48:36'),
(399, 2000000030, 29, 24, 106, NULL, '2026-04-24 15:48:36'),
(400, 2000000045, 30, 24, 106, NULL, '2026-04-24 15:48:36'),
(401, 2000000040, 1, 24, 107, NULL, '2026-04-24 15:48:36'),
(402, 2000000041, 2, 24, 107, NULL, '2026-04-24 15:48:36'),
(403, 2000000035, 3, 24, 107, NULL, '2026-04-24 15:48:36'),
(404, 2000000002, 4, 24, 107, NULL, '2026-04-24 15:48:36'),
(405, 2000000047, 5, 24, 107, NULL, '2026-04-24 15:48:36'),
(406, 2000000001, 6, 24, 107, NULL, '2026-04-24 15:48:36'),
(407, 2000000028, 7, 24, 107, NULL, '2026-04-24 15:48:36'),
(408, 2000000021, 8, 24, 107, NULL, '2026-04-24 15:48:36'),
(409, 2000000015, 9, 24, 107, NULL, '2026-04-24 15:48:36'),
(410, 2000000030, 10, 24, 107, NULL, '2026-04-24 15:48:36'),
(411, 2000000046, 11, 24, 107, NULL, '2026-04-24 15:48:36'),
(412, 2000000029, 12, 24, 107, NULL, '2026-04-24 15:48:36'),
(413, 2000000031, 13, 24, 107, NULL, '2026-04-24 15:48:36'),
(414, 2000000033, 14, 24, 107, NULL, '2026-04-24 15:48:36'),
(415, 2000000050, 15, 24, 107, NULL, '2026-04-24 15:48:36'),
(416, 2000000039, 16, 24, 107, NULL, '2026-04-24 15:48:36'),
(417, 2000000012, 17, 24, 107, NULL, '2026-04-24 15:48:36'),
(418, 2000000006, 18, 24, 107, NULL, '2026-04-24 15:48:36'),
(419, 2000000017, 19, 24, 107, NULL, '2026-04-24 15:48:36'),
(420, 2000000009, 20, 24, 107, NULL, '2026-04-24 15:48:36'),
(421, 2000000048, 21, 24, 107, NULL, '2026-04-24 15:48:36'),
(422, 2000000049, 22, 24, 107, NULL, '2026-04-24 15:48:36'),
(423, 2000000003, 23, 24, 107, NULL, '2026-04-24 15:48:36'),
(424, 2000000011, 24, 24, 107, NULL, '2026-04-24 15:48:36'),
(425, 2000000014, 25, 24, 107, NULL, '2026-04-24 15:48:36'),
(426, 2000000018, 26, 24, 107, NULL, '2026-04-24 15:48:36'),
(427, 2000000032, 27, 24, 107, NULL, '2026-04-24 15:48:36'),
(428, 2000000007, 28, 24, 107, NULL, '2026-04-24 15:48:36'),
(429, 2000000027, 29, 24, 107, NULL, '2026-04-24 15:48:36'),
(430, 2000000016, 30, 24, 107, NULL, '2026-04-24 15:48:36'),
(431, 2000000029, 1, 25, 109, NULL, '2026-04-24 15:48:36'),
(432, 2000000049, 2, 25, 109, NULL, '2026-04-24 15:48:36'),
(433, 2000000002, 3, 25, 109, NULL, '2026-04-24 15:48:36'),
(434, 2000000044, 4, 25, 109, NULL, '2026-04-24 15:48:36'),
(435, 2000000048, 5, 25, 109, NULL, '2026-04-24 15:48:36'),
(436, 2000000043, 6, 25, 109, NULL, '2026-04-24 15:48:36'),
(437, 2000000034, 7, 25, 109, NULL, '2026-04-24 15:48:36'),
(438, 2000000016, 8, 25, 109, NULL, '2026-04-24 15:48:36'),
(439, 2000000006, 9, 25, 109, NULL, '2026-04-24 15:48:36'),
(440, 2000000035, 10, 25, 109, NULL, '2026-04-24 15:48:36'),
(441, 2000000021, 11, 25, 109, NULL, '2026-04-24 15:48:36'),
(442, 2000000019, 12, 25, 109, NULL, '2026-04-24 15:48:36'),
(443, 2000000040, 13, 25, 109, NULL, '2026-04-24 15:48:36'),
(444, 2000000013, 14, 25, 109, NULL, '2026-04-24 15:48:36'),
(445, 2000000020, 15, 25, 109, NULL, '2026-04-24 15:48:36'),
(446, 2000000047, 16, 25, 109, NULL, '2026-04-24 15:48:36'),
(447, 2000000010, 17, 25, 109, NULL, '2026-04-24 15:48:36'),
(448, 2000000046, 18, 25, 109, NULL, '2026-04-24 15:48:36'),
(449, 2000000037, 19, 25, 109, NULL, '2026-04-24 15:48:36'),
(450, 2000000023, 20, 25, 109, NULL, '2026-04-24 15:48:36'),
(451, 2000000005, 21, 25, 109, NULL, '2026-04-24 15:48:36'),
(452, 2000000022, 22, 25, 109, NULL, '2026-04-24 15:48:36'),
(453, 2000000030, 23, 25, 109, NULL, '2026-04-24 15:48:36'),
(454, 2000000025, 24, 25, 109, NULL, '2026-04-24 15:48:36'),
(455, 2000000042, 25, 25, 109, NULL, '2026-04-24 15:48:36'),
(456, 2000000032, 26, 25, 109, NULL, '2026-04-24 15:48:36'),
(457, 2000000004, 27, 25, 109, NULL, '2026-04-24 15:48:36'),
(458, 2000000018, 28, 25, 109, NULL, '2026-04-24 15:48:36'),
(459, 2000000015, 29, 25, 109, NULL, '2026-04-24 15:48:36'),
(460, 2000000045, 30, 25, 109, NULL, '2026-04-24 15:48:36'),
(461, 2000000006, 1, 25, 110, NULL, '2026-04-24 15:48:36'),
(462, 2000000036, 2, 25, 110, NULL, '2026-04-24 15:48:36'),
(463, 2000000011, 3, 25, 110, NULL, '2026-04-24 15:48:36'),
(464, 2000000013, 4, 25, 110, NULL, '2026-04-24 15:48:36'),
(465, 2000000014, 5, 25, 110, NULL, '2026-04-24 15:48:36'),
(466, 2000000015, 6, 25, 110, NULL, '2026-04-24 15:48:36'),
(467, 2000000016, 7, 25, 110, NULL, '2026-04-24 15:48:36'),
(468, 2000000001, 8, 25, 110, NULL, '2026-04-24 15:48:36'),
(469, 2000000045, 9, 25, 110, NULL, '2026-04-24 15:48:36'),
(470, 2000000040, 10, 25, 110, NULL, '2026-04-24 15:48:36'),
(471, 2000000003, 11, 25, 110, NULL, '2026-04-24 15:48:36'),
(472, 2000000044, 12, 25, 110, NULL, '2026-04-24 15:48:36'),
(473, 2000000017, 13, 25, 110, NULL, '2026-04-24 15:48:36'),
(474, 2000000012, 14, 25, 110, NULL, '2026-04-24 15:48:36'),
(475, 2000000034, 15, 25, 110, NULL, '2026-04-24 15:48:36'),
(476, 2000000037, 16, 25, 110, NULL, '2026-04-24 15:48:36'),
(477, 2000000027, 17, 25, 110, NULL, '2026-04-24 15:48:36'),
(478, 2000000024, 18, 25, 110, NULL, '2026-04-24 15:48:36'),
(479, 2000000002, 19, 25, 110, NULL, '2026-04-24 15:48:36'),
(480, 2000000047, 20, 25, 110, NULL, '2026-04-24 15:48:36'),
(481, 2000000020, 21, 25, 110, NULL, '2026-04-24 15:48:36'),
(482, 2000000004, 22, 25, 110, NULL, '2026-04-24 15:48:36'),
(483, 2000000035, 23, 25, 110, NULL, '2026-04-24 15:48:36'),
(484, 2000000029, 24, 25, 110, NULL, '2026-04-24 15:48:36'),
(485, 2000000005, 25, 25, 110, NULL, '2026-04-24 15:48:36'),
(486, 2000000008, 26, 25, 110, NULL, '2026-04-24 15:48:36'),
(487, 2000000033, 27, 25, 110, NULL, '2026-04-24 15:48:36'),
(488, 2000000038, 28, 25, 110, NULL, '2026-04-24 15:48:36'),
(489, 2000000043, 29, 25, 110, NULL, '2026-04-24 15:48:36'),
(490, 2000000049, 30, 25, 110, NULL, '2026-04-24 15:48:36'),
(491, 2000000011, 1, 26, 111, NULL, '2026-04-24 15:48:36'),
(492, 2000000016, 2, 26, 111, NULL, '2026-04-24 15:48:36'),
(493, 2000000036, 3, 26, 111, NULL, '2026-04-24 15:48:36'),
(494, 2000000034, 4, 26, 111, NULL, '2026-04-24 15:48:36'),
(495, 2000000007, 5, 26, 111, NULL, '2026-04-24 15:48:36'),
(496, 2000000019, 6, 26, 111, NULL, '2026-04-24 15:48:36'),
(497, 2000000015, 7, 26, 111, NULL, '2026-04-24 15:48:36'),
(498, 2000000002, 8, 26, 111, NULL, '2026-04-24 15:48:36'),
(499, 2000000048, 9, 26, 111, NULL, '2026-04-24 15:48:36'),
(500, 2000000005, 10, 26, 111, NULL, '2026-04-24 15:48:36'),
(501, 2000000029, 11, 26, 111, NULL, '2026-04-24 15:48:36'),
(502, 2000000013, 12, 26, 111, NULL, '2026-04-24 15:48:36'),
(503, 2000000033, 13, 26, 111, NULL, '2026-04-24 15:48:36'),
(504, 2000000003, 14, 26, 111, NULL, '2026-04-24 15:48:36'),
(505, 2000000001, 15, 26, 111, NULL, '2026-04-24 15:48:36'),
(506, 2000000012, 16, 26, 111, NULL, '2026-04-24 15:48:36'),
(507, 2000000031, 17, 26, 111, NULL, '2026-04-24 15:48:36'),
(508, 2000000040, 18, 26, 111, NULL, '2026-04-24 15:48:36'),
(509, 2000000009, 19, 26, 111, NULL, '2026-04-24 15:48:36'),
(510, 2000000038, 20, 26, 111, NULL, '2026-04-24 15:48:36'),
(511, 2000000027, 21, 26, 111, NULL, '2026-04-24 15:48:36'),
(512, 2000000026, 22, 26, 111, NULL, '2026-04-24 15:48:36'),
(513, 2000000025, 23, 26, 111, NULL, '2026-04-24 15:48:36'),
(514, 2000000035, 24, 26, 111, NULL, '2026-04-24 15:48:36'),
(515, 2000000032, 25, 26, 111, NULL, '2026-04-24 15:48:36'),
(516, 2000000046, 26, 26, 111, NULL, '2026-04-24 15:48:36'),
(517, 2000000037, 27, 26, 111, NULL, '2026-04-24 15:48:36'),
(518, 2000000028, 28, 26, 111, NULL, '2026-04-24 15:48:36'),
(519, 2000000020, 29, 26, 111, NULL, '2026-04-24 15:48:36'),
(520, 2000000014, 30, 26, 111, NULL, '2026-04-24 15:48:36'),
(521, 2000000018, 1, 27, 113, NULL, '2026-04-24 15:48:36'),
(522, 2000000028, 2, 27, 113, NULL, '2026-04-24 15:48:36'),
(523, 2000000017, 3, 27, 113, NULL, '2026-04-24 15:48:36'),
(524, 2000000001, 4, 27, 113, NULL, '2026-04-24 15:48:36'),
(525, 2000000007, 5, 27, 113, NULL, '2026-04-24 15:48:36'),
(526, 2000000005, 6, 27, 113, NULL, '2026-04-24 15:48:36'),
(527, 2000000036, 7, 27, 113, NULL, '2026-04-24 15:48:36'),
(528, 2000000047, 8, 27, 113, NULL, '2026-04-24 15:48:36'),
(529, 2000000016, 9, 27, 113, NULL, '2026-04-24 15:48:36'),
(530, 2000000009, 10, 27, 113, NULL, '2026-04-24 15:48:36'),
(531, 2000000037, 11, 27, 113, NULL, '2026-04-24 15:48:36'),
(532, 2000000050, 12, 27, 113, NULL, '2026-04-24 15:48:36'),
(533, 2000000035, 13, 27, 113, NULL, '2026-04-24 15:48:36'),
(534, 2000000023, 14, 27, 113, NULL, '2026-04-24 15:48:36'),
(535, 2000000004, 15, 27, 113, NULL, '2026-04-24 15:48:36'),
(536, 2000000021, 16, 27, 113, NULL, '2026-04-24 15:48:36'),
(537, 2000000025, 17, 27, 113, NULL, '2026-04-24 15:48:36'),
(538, 2000000015, 18, 27, 113, NULL, '2026-04-24 15:48:36'),
(539, 2000000038, 19, 27, 113, NULL, '2026-04-24 15:48:36'),
(540, 2000000020, 20, 27, 113, NULL, '2026-04-24 15:48:36'),
(541, 2000000032, 21, 27, 113, NULL, '2026-04-24 15:48:36'),
(542, 2000000046, 22, 27, 113, NULL, '2026-04-24 15:48:36'),
(543, 2000000027, 23, 27, 113, NULL, '2026-04-24 15:48:36'),
(544, 2000000010, 24, 27, 113, NULL, '2026-04-24 15:48:36'),
(545, 2000000048, 25, 27, 113, NULL, '2026-04-24 15:48:36'),
(546, 2000000043, 26, 27, 113, NULL, '2026-04-24 15:48:36'),
(547, 2000000033, 27, 27, 113, NULL, '2026-04-24 15:48:36'),
(548, 2000000040, 28, 27, 113, NULL, '2026-04-24 15:48:36'),
(549, 2000000026, 29, 27, 113, NULL, '2026-04-24 15:48:36'),
(550, 2000000012, 30, 27, 113, NULL, '2026-04-24 15:48:36'),
(551, 2000000008, 1, 27, 114, NULL, '2026-04-24 15:48:36'),
(552, 2000000050, 2, 27, 114, NULL, '2026-04-24 15:48:36'),
(553, 2000000049, 3, 27, 114, NULL, '2026-04-24 15:48:36'),
(554, 2000000014, 4, 27, 114, NULL, '2026-04-24 15:48:36'),
(555, 2000000018, 5, 27, 114, NULL, '2026-04-24 15:48:36'),
(556, 2000000004, 6, 27, 114, NULL, '2026-04-24 15:48:36'),
(557, 2000000006, 7, 27, 114, NULL, '2026-04-24 15:48:36'),
(558, 2000000040, 8, 27, 114, NULL, '2026-04-24 15:48:36'),
(559, 2000000009, 9, 27, 114, NULL, '2026-04-24 15:48:36'),
(560, 2000000013, 10, 27, 114, NULL, '2026-04-24 15:48:36'),
(561, 2000000044, 11, 27, 114, NULL, '2026-04-24 15:48:36'),
(562, 2000000022, 12, 27, 114, NULL, '2026-04-24 15:48:36'),
(563, 2000000031, 13, 27, 114, NULL, '2026-04-24 15:48:36'),
(564, 2000000032, 14, 27, 114, NULL, '2026-04-24 15:48:36'),
(565, 2000000023, 15, 27, 114, NULL, '2026-04-24 15:48:36'),
(566, 2000000011, 16, 27, 114, NULL, '2026-04-24 15:48:36'),
(567, 2000000010, 17, 27, 114, NULL, '2026-04-24 15:48:36'),
(568, 2000000027, 18, 27, 114, NULL, '2026-04-24 15:48:36'),
(569, 2000000028, 19, 27, 114, NULL, '2026-04-24 15:48:36'),
(570, 2000000033, 20, 27, 114, NULL, '2026-04-24 15:48:36'),
(571, 2000000003, 21, 27, 114, NULL, '2026-04-24 15:48:36'),
(572, 2000000034, 22, 27, 114, NULL, '2026-04-24 15:48:36'),
(573, 2000000029, 23, 27, 114, NULL, '2026-04-24 15:48:36'),
(574, 2000000043, 24, 27, 114, NULL, '2026-04-24 15:48:36'),
(575, 2000000020, 25, 27, 114, NULL, '2026-04-24 15:48:36'),
(576, 2000000026, 26, 27, 114, NULL, '2026-04-24 15:48:36'),
(577, 2000000036, 27, 27, 114, NULL, '2026-04-24 15:48:36'),
(578, 2000000042, 28, 27, 114, NULL, '2026-04-24 15:48:36'),
(579, 2000000001, 29, 27, 114, NULL, '2026-04-24 15:48:36'),
(580, 2000000016, 30, 27, 114, NULL, '2026-04-24 15:48:36'),
(581, 2000000040, 1, 24, 115, NULL, '2026-04-24 15:48:36'),
(582, 2000000006, 2, 24, 115, NULL, '2026-04-24 15:48:36'),
(583, 2000000002, 3, 24, 115, NULL, '2026-04-24 15:48:36'),
(584, 2000000001, 4, 24, 115, NULL, '2026-04-24 15:48:36'),
(585, 2000000003, 5, 24, 115, NULL, '2026-04-24 15:48:36'),
(586, 2000000008, 6, 24, 115, NULL, '2026-04-24 15:48:36'),
(587, 2000000009, 7, 24, 115, NULL, '2026-04-24 15:48:36'),
(588, 2000000018, 8, 24, 115, NULL, '2026-04-24 15:48:36'),
(589, 2000000050, 9, 24, 115, NULL, '2026-04-24 15:48:36'),
(590, 2000000011, 10, 24, 115, NULL, '2026-04-24 15:48:36'),
(591, 2000000024, 11, 24, 115, NULL, '2026-04-24 15:48:36'),
(592, 2000000004, 12, 24, 115, NULL, '2026-04-24 15:48:36'),
(593, 2000000025, 13, 24, 115, NULL, '2026-04-24 15:48:36'),
(594, 2000000042, 14, 24, 115, NULL, '2026-04-24 15:48:36'),
(595, 2000000026, 15, 24, 115, NULL, '2026-04-24 15:48:36'),
(596, 2000000034, 16, 24, 115, NULL, '2026-04-24 15:48:36'),
(597, 2000000028, 17, 24, 115, NULL, '2026-04-24 15:48:36'),
(598, 2000000030, 18, 24, 115, NULL, '2026-04-24 15:48:36'),
(599, 2000000012, 19, 24, 115, NULL, '2026-04-24 15:48:36'),
(600, 2000000027, 20, 24, 115, NULL, '2026-04-24 15:48:36'),
(601, 2000000019, 21, 24, 115, NULL, '2026-04-24 15:48:36'),
(602, 2000000021, 22, 24, 115, NULL, '2026-04-24 15:48:36'),
(603, 2000000038, 23, 24, 115, NULL, '2026-04-24 15:48:36'),
(604, 2000000023, 24, 24, 115, NULL, '2026-04-24 15:48:36'),
(605, 2000000014, 25, 24, 115, NULL, '2026-04-24 15:48:36'),
(606, 2000000020, 26, 24, 115, NULL, '2026-04-24 15:48:36'),
(607, 2000000049, 27, 24, 115, NULL, '2026-04-24 15:48:36'),
(608, 2000000029, 28, 24, 115, NULL, '2026-04-24 15:48:36'),
(609, 2000000032, 29, 24, 115, NULL, '2026-04-24 15:48:36'),
(610, 2000000035, 30, 24, 115, NULL, '2026-04-24 15:48:36'),
(611, 2000000042, 1, 25, 116, NULL, '2026-04-24 15:48:36'),
(612, 2000000008, 2, 25, 116, NULL, '2026-04-24 15:48:36'),
(613, 2000000039, 3, 25, 116, NULL, '2026-04-24 15:48:36'),
(614, 2000000016, 4, 25, 116, NULL, '2026-04-24 15:48:36'),
(615, 2000000022, 5, 25, 116, NULL, '2026-04-24 15:48:36'),
(616, 2000000021, 6, 25, 116, NULL, '2026-04-24 15:48:36'),
(617, 2000000015, 7, 25, 116, NULL, '2026-04-24 15:48:36'),
(618, 2000000032, 8, 25, 116, NULL, '2026-04-24 15:48:36'),
(619, 2000000035, 9, 25, 116, NULL, '2026-04-24 15:48:36'),
(620, 2000000045, 10, 25, 116, NULL, '2026-04-24 15:48:36'),
(621, 2000000025, 11, 25, 116, NULL, '2026-04-24 15:48:36'),
(622, 2000000017, 12, 25, 116, NULL, '2026-04-24 15:48:36'),
(623, 2000000007, 13, 25, 116, NULL, '2026-04-24 15:48:36'),
(624, 2000000037, 14, 25, 116, NULL, '2026-04-24 15:48:36'),
(625, 2000000028, 15, 25, 116, NULL, '2026-04-24 15:48:36'),
(626, 2000000002, 16, 25, 116, NULL, '2026-04-24 15:48:36'),
(627, 2000000041, 17, 25, 116, NULL, '2026-04-24 15:48:36'),
(628, 2000000031, 18, 25, 116, NULL, '2026-04-24 15:48:36'),
(629, 2000000003, 19, 25, 116, NULL, '2026-04-24 15:48:36'),
(630, 2000000050, 20, 25, 116, NULL, '2026-04-24 15:48:36'),
(631, 2000000030, 21, 25, 116, NULL, '2026-04-24 15:48:36'),
(632, 2000000023, 22, 25, 116, NULL, '2026-04-24 15:48:36'),
(633, 2000000036, 23, 25, 116, NULL, '2026-04-24 15:48:36'),
(634, 2000000040, 24, 25, 116, NULL, '2026-04-24 15:48:36'),
(635, 2000000026, 25, 25, 116, NULL, '2026-04-24 15:48:36'),
(636, 2000000027, 26, 25, 116, NULL, '2026-04-24 15:48:36'),
(637, 2000000012, 27, 25, 116, NULL, '2026-04-24 15:48:36'),
(638, 2000000001, 28, 25, 116, NULL, '2026-04-24 15:48:36'),
(639, 2000000014, 29, 25, 116, NULL, '2026-04-24 15:48:36'),
(640, 2000000038, 30, 25, 116, NULL, '2026-04-24 15:48:36'),
(641, 2000000009, 1, 25, 117, NULL, '2026-04-24 15:48:36'),
(642, 2000000032, 2, 25, 117, NULL, '2026-04-24 15:48:36'),
(643, 2000000050, 3, 25, 117, NULL, '2026-04-24 15:48:36'),
(644, 2000000035, 4, 25, 117, NULL, '2026-04-24 15:48:36'),
(645, 2000000027, 5, 25, 117, NULL, '2026-04-24 15:48:36'),
(646, 2000000013, 6, 25, 117, NULL, '2026-04-24 15:48:36'),
(647, 2000000010, 7, 25, 117, NULL, '2026-04-24 15:48:36'),
(648, 2000000025, 8, 25, 117, NULL, '2026-04-24 15:48:36'),
(649, 2000000028, 9, 25, 117, NULL, '2026-04-24 15:48:36'),
(650, 2000000033, 10, 25, 117, NULL, '2026-04-24 15:48:36'),
(651, 2000000047, 11, 25, 117, NULL, '2026-04-24 15:48:36'),
(652, 2000000024, 12, 25, 117, NULL, '2026-04-24 15:48:36'),
(653, 2000000016, 13, 25, 117, NULL, '2026-04-24 15:48:36'),
(654, 2000000005, 14, 25, 117, NULL, '2026-04-24 15:48:36'),
(655, 2000000037, 15, 25, 117, NULL, '2026-04-24 15:48:36'),
(656, 2000000012, 16, 25, 117, NULL, '2026-04-24 15:48:36'),
(657, 2000000021, 17, 25, 117, NULL, '2026-04-24 15:48:36'),
(658, 2000000023, 18, 25, 117, NULL, '2026-04-24 15:48:36'),
(659, 2000000048, 19, 25, 117, NULL, '2026-04-24 15:48:36'),
(660, 2000000049, 20, 25, 117, NULL, '2026-04-24 15:48:36'),
(661, 2000000003, 21, 25, 117, NULL, '2026-04-24 15:48:36'),
(662, 2000000034, 22, 25, 117, NULL, '2026-04-24 15:48:36'),
(663, 2000000015, 23, 25, 117, NULL, '2026-04-24 15:48:36'),
(664, 2000000019, 24, 25, 117, NULL, '2026-04-24 15:48:36'),
(665, 2000000026, 25, 25, 117, NULL, '2026-04-24 15:48:36'),
(666, 2000000043, 26, 25, 117, NULL, '2026-04-24 15:48:36'),
(667, 2000000011, 27, 25, 117, NULL, '2026-04-24 15:48:36'),
(668, 2000000001, 28, 25, 117, NULL, '2026-04-24 15:48:36'),
(669, 2000000036, 29, 25, 117, NULL, '2026-04-24 15:48:36'),
(670, 2000000006, 30, 25, 117, NULL, '2026-04-24 15:48:36'),
(671, 2000000023, 1, 27, 118, NULL, '2026-04-24 15:48:36'),
(672, 2000000048, 2, 27, 118, NULL, '2026-04-24 15:48:36'),
(673, 2000000042, 3, 27, 118, NULL, '2026-04-24 15:48:36'),
(674, 2000000044, 4, 27, 118, NULL, '2026-04-24 15:48:36'),
(675, 2000000020, 5, 27, 118, NULL, '2026-04-24 15:48:36'),
(676, 2000000001, 6, 27, 118, NULL, '2026-04-24 15:48:36'),
(677, 2000000032, 7, 27, 118, NULL, '2026-04-24 15:48:36'),
(678, 2000000006, 8, 27, 118, NULL, '2026-04-24 15:48:36'),
(679, 2000000018, 9, 27, 118, NULL, '2026-04-24 15:48:36'),
(680, 2000000014, 10, 27, 118, NULL, '2026-04-24 15:48:36'),
(681, 2000000047, 11, 27, 118, NULL, '2026-04-24 15:48:36'),
(682, 2000000022, 12, 27, 118, NULL, '2026-04-24 15:48:36'),
(683, 2000000037, 13, 27, 118, NULL, '2026-04-24 15:48:36'),
(684, 2000000011, 14, 27, 118, NULL, '2026-04-24 15:48:36'),
(685, 2000000010, 15, 27, 118, NULL, '2026-04-24 15:48:36'),
(686, 2000000031, 16, 27, 118, NULL, '2026-04-24 15:48:36'),
(687, 2000000038, 17, 27, 118, NULL, '2026-04-24 15:48:36'),
(688, 2000000029, 18, 27, 118, NULL, '2026-04-24 15:48:36'),
(689, 2000000036, 19, 27, 118, NULL, '2026-04-24 15:48:36'),
(690, 2000000033, 20, 27, 118, NULL, '2026-04-24 15:48:36'),
(691, 2000000034, 21, 27, 118, NULL, '2026-04-24 15:48:36'),
(692, 2000000040, 22, 27, 118, NULL, '2026-04-24 15:48:36'),
(693, 2000000021, 23, 27, 118, NULL, '2026-04-24 15:48:36'),
(694, 2000000035, 24, 27, 118, NULL, '2026-04-24 15:48:36'),
(695, 2000000016, 25, 27, 118, NULL, '2026-04-24 15:48:36'),
(696, 2000000050, 26, 27, 118, NULL, '2026-04-24 15:48:36'),
(697, 2000000024, 27, 27, 118, NULL, '2026-04-24 15:48:36'),
(698, 2000000009, 28, 27, 118, NULL, '2026-04-24 15:48:36'),
(699, 2000000003, 29, 27, 118, NULL, '2026-04-24 15:48:36'),
(700, 2000000043, 30, 27, 118, NULL, '2026-04-24 15:48:36'),
(701, 2000000013, 1, 27, 119, NULL, '2026-04-24 15:48:36'),
(702, 2000000025, 2, 27, 119, NULL, '2026-04-24 15:48:36'),
(703, 2000000040, 3, 27, 119, NULL, '2026-04-24 15:48:36'),
(704, 2000000021, 4, 27, 119, NULL, '2026-04-24 15:48:36'),
(705, 2000000002, 5, 27, 119, NULL, '2026-04-24 15:48:36'),
(706, 2000000034, 6, 27, 119, NULL, '2026-04-24 15:48:36'),
(707, 2000000033, 7, 27, 119, NULL, '2026-04-24 15:48:36'),
(708, 2000000031, 8, 27, 119, NULL, '2026-04-24 15:48:36'),
(709, 2000000003, 9, 27, 119, NULL, '2026-04-24 15:48:36'),
(710, 2000000004, 10, 27, 119, NULL, '2026-04-24 15:48:36'),
(711, 2000000024, 11, 27, 119, NULL, '2026-04-24 15:48:36'),
(712, 2000000044, 12, 27, 119, NULL, '2026-04-24 15:48:36'),
(713, 2000000015, 13, 27, 119, NULL, '2026-04-24 15:48:36'),
(714, 2000000023, 14, 27, 119, NULL, '2026-04-24 15:48:36'),
(715, 2000000037, 15, 27, 119, NULL, '2026-04-24 15:48:36'),
(716, 2000000001, 16, 27, 119, NULL, '2026-04-24 15:48:36'),
(717, 2000000029, 17, 27, 119, NULL, '2026-04-24 15:48:36'),
(718, 2000000032, 18, 27, 119, NULL, '2026-04-24 15:48:36'),
(719, 2000000036, 19, 27, 119, NULL, '2026-04-24 15:48:36'),
(720, 2000000039, 20, 27, 119, NULL, '2026-04-24 15:48:36'),
(721, 2000000038, 21, 27, 119, NULL, '2026-04-24 15:48:36'),
(722, 2000000017, 22, 27, 119, NULL, '2026-04-24 15:48:36'),
(723, 2000000028, 23, 27, 119, NULL, '2026-04-24 15:48:36'),
(724, 2000000012, 24, 27, 119, NULL, '2026-04-24 15:48:36'),
(725, 2000000010, 25, 27, 119, NULL, '2026-04-24 15:48:36'),
(726, 2000000022, 26, 27, 119, NULL, '2026-04-24 15:48:36'),
(727, 2000000046, 27, 27, 119, NULL, '2026-04-24 15:48:36'),
(728, 2000000035, 28, 27, 119, NULL, '2026-04-24 15:48:36'),
(729, 2000000048, 29, 27, 119, NULL, '2026-04-24 15:48:36'),
(730, 2000000043, 30, 27, 119, NULL, '2026-04-24 15:48:36'),
(731, 2000000002, 1, 27, 120, NULL, '2026-04-24 15:48:36'),
(732, 2000000012, 2, 27, 120, NULL, '2026-04-24 15:48:36'),
(733, 2000000010, 3, 27, 120, NULL, '2026-04-24 15:48:36'),
(734, 2000000050, 4, 27, 120, NULL, '2026-04-24 15:48:36'),
(735, 2000000003, 5, 27, 120, NULL, '2026-04-24 15:48:36'),
(736, 2000000011, 6, 27, 120, NULL, '2026-04-24 15:48:36'),
(737, 2000000032, 7, 27, 120, NULL, '2026-04-24 15:48:36'),
(738, 2000000015, 8, 27, 120, NULL, '2026-04-24 15:48:36'),
(739, 2000000036, 9, 27, 120, NULL, '2026-04-24 15:48:36'),
(740, 2000000043, 10, 27, 120, NULL, '2026-04-24 15:48:36'),
(741, 2000000041, 11, 27, 120, NULL, '2026-04-24 15:48:36'),
(742, 2000000009, 12, 27, 120, NULL, '2026-04-24 15:48:36'),
(743, 2000000045, 13, 27, 120, NULL, '2026-04-24 15:48:36'),
(744, 2000000016, 14, 27, 120, NULL, '2026-04-24 15:48:36'),
(745, 2000000037, 15, 27, 120, NULL, '2026-04-24 15:48:36'),
(746, 2000000048, 16, 27, 120, NULL, '2026-04-24 15:48:36'),
(747, 2000000031, 17, 27, 120, NULL, '2026-04-24 15:48:36'),
(748, 2000000044, 18, 27, 120, NULL, '2026-04-24 15:48:36'),
(749, 2000000005, 19, 27, 120, NULL, '2026-04-24 15:48:36'),
(750, 2000000029, 20, 27, 120, NULL, '2026-04-24 15:48:36'),
(751, 2000000017, 21, 27, 120, NULL, '2026-04-24 15:48:36'),
(752, 2000000024, 22, 27, 120, NULL, '2026-04-24 15:48:36'),
(753, 2000000047, 23, 27, 120, NULL, '2026-04-24 15:48:36'),
(754, 2000000027, 24, 27, 120, NULL, '2026-04-24 15:48:36'),
(755, 2000000004, 25, 27, 120, NULL, '2026-04-24 15:48:36'),
(756, 2000000034, 26, 27, 120, NULL, '2026-04-24 15:48:36'),
(757, 2000000001, 27, 27, 120, NULL, '2026-04-24 15:48:36'),
(758, 2000000040, 28, 27, 120, NULL, '2026-04-24 15:48:36'),
(759, 2000000018, 29, 27, 120, NULL, '2026-04-24 15:48:36'),
(760, 2000000007, 30, 27, 120, NULL, '2026-04-24 15:48:36'),
(761, 2000000008, 1, 27, 121, NULL, '2026-04-24 15:48:36'),
(762, 2000000029, 2, 27, 121, NULL, '2026-04-24 15:48:36'),
(763, 2000000042, 3, 27, 121, NULL, '2026-04-24 15:48:36'),
(764, 2000000041, 4, 27, 121, NULL, '2026-04-24 15:48:36'),
(765, 2000000049, 5, 27, 121, NULL, '2026-04-24 15:48:36'),
(766, 2000000021, 6, 27, 121, NULL, '2026-04-24 15:48:36'),
(767, 2000000037, 7, 27, 121, NULL, '2026-04-24 15:48:36'),
(768, 2000000028, 8, 27, 121, NULL, '2026-04-24 15:48:36'),
(769, 2000000006, 9, 27, 121, NULL, '2026-04-24 15:48:36'),
(770, 2000000016, 10, 27, 121, NULL, '2026-04-24 15:48:36'),
(771, 2000000012, 11, 27, 121, NULL, '2026-04-24 15:48:36'),
(772, 2000000048, 12, 27, 121, NULL, '2026-04-24 15:48:36'),
(773, 2000000035, 13, 27, 121, NULL, '2026-04-24 15:48:36'),
(774, 2000000024, 14, 27, 121, NULL, '2026-04-24 15:48:36'),
(775, 2000000045, 15, 27, 121, NULL, '2026-04-24 15:48:36'),
(776, 2000000043, 16, 27, 121, NULL, '2026-04-24 15:48:36'),
(777, 2000000017, 17, 27, 121, NULL, '2026-04-24 15:48:36'),
(778, 2000000002, 18, 27, 121, NULL, '2026-04-24 15:48:36'),
(779, 2000000040, 19, 27, 121, NULL, '2026-04-24 15:48:36'),
(780, 2000000033, 20, 27, 121, NULL, '2026-04-24 15:48:36'),
(781, 2000000009, 21, 27, 121, NULL, '2026-04-24 15:48:36'),
(782, 2000000014, 22, 27, 121, NULL, '2026-04-24 15:48:36'),
(783, 2000000036, 23, 27, 121, NULL, '2026-04-24 15:48:36'),
(784, 2000000046, 24, 27, 121, NULL, '2026-04-24 15:48:36'),
(785, 2000000039, 25, 27, 121, NULL, '2026-04-24 15:48:36'),
(786, 2000000022, 26, 27, 121, NULL, '2026-04-24 15:48:36'),
(787, 2000000004, 27, 27, 121, NULL, '2026-04-24 15:48:36'),
(788, 2000000026, 28, 27, 121, NULL, '2026-04-24 15:48:36'),
(789, 2000000044, 29, 27, 121, NULL, '2026-04-24 15:48:36'),
(790, 2000000019, 30, 27, 121, NULL, '2026-04-24 15:48:36'),
(791, 2000000050, 1, 24, 122, NULL, '2026-04-24 15:48:36'),
(792, 2000000002, 2, 24, 122, NULL, '2026-04-24 15:48:36'),
(793, 2000000034, 3, 24, 122, NULL, '2026-04-24 15:48:36'),
(794, 2000000023, 4, 24, 122, NULL, '2026-04-24 15:48:36'),
(795, 2000000011, 5, 24, 122, NULL, '2026-04-24 15:48:36'),
(796, 2000000026, 6, 24, 122, NULL, '2026-04-24 15:48:36'),
(797, 2000000049, 7, 24, 122, NULL, '2026-04-24 15:48:36'),
(798, 2000000030, 8, 24, 122, NULL, '2026-04-24 15:48:36'),
(799, 2000000018, 9, 24, 122, NULL, '2026-04-24 15:48:36'),
(800, 2000000038, 10, 24, 122, NULL, '2026-04-24 15:48:36'),
(801, 2000000032, 11, 24, 122, NULL, '2026-04-24 15:48:36'),
(802, 2000000039, 12, 24, 122, NULL, '2026-04-24 15:48:36'),
(803, 2000000009, 13, 24, 122, NULL, '2026-04-24 15:48:36'),
(804, 2000000015, 14, 24, 122, NULL, '2026-04-24 15:48:36'),
(805, 2000000047, 15, 24, 122, NULL, '2026-04-24 15:48:36'),
(806, 2000000022, 16, 24, 122, NULL, '2026-04-24 15:48:36'),
(807, 2000000012, 17, 24, 122, NULL, '2026-04-24 15:48:36'),
(808, 2000000025, 18, 24, 122, NULL, '2026-04-24 15:48:36'),
(809, 2000000048, 19, 24, 122, NULL, '2026-04-24 15:48:36'),
(810, 2000000035, 20, 24, 122, NULL, '2026-04-24 15:48:36'),
(811, 2000000005, 21, 24, 122, NULL, '2026-04-24 15:48:36'),
(812, 2000000016, 22, 24, 122, NULL, '2026-04-24 15:48:36'),
(813, 2000000043, 23, 24, 122, NULL, '2026-04-24 15:48:36'),
(814, 2000000044, 24, 24, 122, NULL, '2026-04-24 15:48:36'),
(815, 2000000006, 25, 24, 122, NULL, '2026-04-24 15:48:36'),
(816, 2000000045, 26, 24, 122, NULL, '2026-04-24 15:48:36'),
(817, 2000000040, 27, 24, 122, NULL, '2026-04-24 15:48:36'),
(818, 2000000046, 28, 24, 122, NULL, '2026-04-24 15:48:36'),
(819, 2000000008, 29, 24, 122, NULL, '2026-04-24 15:48:36'),
(820, 2000000031, 30, 24, 122, NULL, '2026-04-24 15:48:36'),
(821, 2000000012, 1, 24, 123, NULL, '2026-04-24 15:48:36'),
(822, 2000000045, 2, 24, 123, NULL, '2026-04-24 15:48:36'),
(823, 2000000004, 3, 24, 123, NULL, '2026-04-24 15:48:36'),
(824, 2000000041, 4, 24, 123, NULL, '2026-04-24 15:48:36'),
(825, 2000000039, 5, 24, 123, NULL, '2026-04-24 15:48:36'),
(826, 2000000042, 6, 24, 123, NULL, '2026-04-24 15:48:36'),
(827, 2000000034, 7, 24, 123, NULL, '2026-04-24 15:48:36'),
(828, 2000000049, 8, 24, 123, NULL, '2026-04-24 15:48:36'),
(829, 2000000033, 9, 24, 123, NULL, '2026-04-24 15:48:36'),
(830, 2000000048, 10, 24, 123, NULL, '2026-04-24 15:48:36'),
(831, 2000000040, 11, 24, 123, NULL, '2026-04-24 15:48:36'),
(832, 2000000002, 12, 24, 123, NULL, '2026-04-24 15:48:36'),
(833, 2000000026, 13, 24, 123, NULL, '2026-04-24 15:48:36'),
(834, 2000000011, 14, 24, 123, NULL, '2026-04-24 15:48:36'),
(835, 2000000030, 15, 24, 123, NULL, '2026-04-24 15:48:36'),
(836, 2000000006, 16, 24, 123, NULL, '2026-04-24 15:48:36'),
(837, 2000000028, 17, 24, 123, NULL, '2026-04-24 15:48:36'),
(838, 2000000037, 18, 24, 123, NULL, '2026-04-24 15:48:36'),
(839, 2000000032, 19, 24, 123, NULL, '2026-04-24 15:48:36'),
(840, 2000000015, 20, 24, 123, NULL, '2026-04-24 15:48:36'),
(841, 2000000024, 21, 24, 123, NULL, '2026-04-24 15:48:36'),
(842, 2000000038, 22, 24, 123, NULL, '2026-04-24 15:48:36'),
(843, 2000000018, 23, 24, 123, NULL, '2026-04-24 15:48:36'),
(844, 2000000044, 24, 24, 123, NULL, '2026-04-24 15:48:36'),
(845, 2000000005, 25, 24, 123, NULL, '2026-04-24 15:48:36'),
(846, 2000000016, 26, 24, 123, NULL, '2026-04-24 15:48:36'),
(847, 2000000022, 27, 24, 123, NULL, '2026-04-24 15:48:36'),
(848, 2000000025, 28, 24, 123, NULL, '2026-04-24 15:48:36'),
(849, 2000000046, 29, 24, 123, NULL, '2026-04-24 15:48:36'),
(850, 2000000008, 30, 24, 123, NULL, '2026-04-24 15:48:36'),
(851, 2000000011, 1, 28, 124, NULL, '2026-04-24 15:48:36'),
(852, 2000000003, 2, 28, 124, NULL, '2026-04-24 15:48:36'),
(853, 2000000029, 3, 28, 124, NULL, '2026-04-24 15:48:36'),
(854, 2000000031, 4, 28, 124, NULL, '2026-04-24 15:48:36'),
(855, 2000000041, 5, 28, 124, NULL, '2026-04-24 15:48:36'),
(856, 2000000025, 6, 28, 124, NULL, '2026-04-24 15:48:36'),
(857, 2000000010, 7, 28, 124, NULL, '2026-04-24 15:48:36'),
(858, 2000000001, 8, 28, 124, NULL, '2026-04-24 15:48:36'),
(859, 2000000021, 9, 28, 124, NULL, '2026-04-24 15:48:36'),
(860, 2000000019, 10, 28, 124, NULL, '2026-04-24 15:48:36'),
(861, 2000000015, 11, 28, 124, NULL, '2026-04-24 15:48:36'),
(862, 2000000008, 12, 28, 124, NULL, '2026-04-24 15:48:36'),
(863, 2000000005, 13, 28, 124, NULL, '2026-04-24 15:48:36'),
(864, 2000000045, 14, 28, 124, NULL, '2026-04-24 15:48:36'),
(865, 2000000032, 15, 28, 124, NULL, '2026-04-24 15:48:36'),
(866, 2000000043, 16, 28, 124, NULL, '2026-04-24 15:48:36'),
(867, 2000000047, 17, 28, 124, NULL, '2026-04-24 15:48:36'),
(868, 2000000048, 18, 28, 124, NULL, '2026-04-24 15:48:36'),
(869, 2000000028, 19, 28, 124, NULL, '2026-04-24 15:48:36'),
(870, 2000000030, 20, 28, 124, NULL, '2026-04-24 15:48:36'),
(871, 2000000022, 21, 28, 124, NULL, '2026-04-24 15:48:36'),
(872, 2000000044, 22, 28, 124, NULL, '2026-04-24 15:48:36'),
(873, 2000000042, 23, 28, 124, NULL, '2026-04-24 15:48:36'),
(874, 2000000026, 24, 28, 124, NULL, '2026-04-24 15:48:36'),
(875, 2000000046, 25, 28, 124, NULL, '2026-04-24 15:48:36'),
(876, 2000000012, 26, 28, 124, NULL, '2026-04-24 15:48:36'),
(877, 2000000039, 27, 28, 124, NULL, '2026-04-24 15:48:36'),
(878, 2000000006, 28, 28, 124, NULL, '2026-04-24 15:48:36'),
(879, 2000000038, 29, 28, 124, NULL, '2026-04-24 15:48:36'),
(880, 2000000023, 30, 28, 124, NULL, '2026-04-24 15:48:36'),
(881, 2000000008, 1, 28, 125, NULL, '2026-04-24 15:48:36'),
(882, 2000000037, 2, 28, 125, NULL, '2026-04-24 15:48:36'),
(883, 2000000019, 3, 28, 125, NULL, '2026-04-24 15:48:36'),
(884, 2000000020, 4, 28, 125, NULL, '2026-04-24 15:48:36'),
(885, 2000000022, 5, 28, 125, NULL, '2026-04-24 15:48:36'),
(886, 2000000018, 6, 28, 125, NULL, '2026-04-24 15:48:36'),
(887, 2000000042, 7, 28, 125, NULL, '2026-04-24 15:48:36'),
(888, 2000000038, 8, 28, 125, NULL, '2026-04-24 15:48:36'),
(889, 2000000027, 9, 28, 125, NULL, '2026-04-24 15:48:36'),
(890, 2000000043, 10, 28, 125, NULL, '2026-04-24 15:48:36'),
(891, 2000000026, 11, 28, 125, NULL, '2026-04-24 15:48:36'),
(892, 2000000011, 12, 28, 125, NULL, '2026-04-24 15:48:36'),
(893, 2000000034, 13, 28, 125, NULL, '2026-04-24 15:48:36'),
(894, 2000000049, 14, 28, 125, NULL, '2026-04-24 15:48:36'),
(895, 2000000009, 15, 28, 125, NULL, '2026-04-24 15:48:36'),
(896, 2000000033, 16, 28, 125, NULL, '2026-04-24 15:48:36'),
(897, 2000000044, 17, 28, 125, NULL, '2026-04-24 15:48:36'),
(898, 2000000010, 18, 28, 125, NULL, '2026-04-24 15:48:36'),
(899, 2000000014, 19, 28, 125, NULL, '2026-04-24 15:48:36'),
(900, 2000000006, 20, 28, 125, NULL, '2026-04-24 15:48:36'),
(901, 2000000015, 21, 28, 125, NULL, '2026-04-24 15:48:36'),
(902, 2000000017, 22, 28, 125, NULL, '2026-04-24 15:48:36'),
(903, 2000000039, 23, 28, 125, NULL, '2026-04-24 15:48:36'),
(904, 2000000024, 24, 28, 125, NULL, '2026-04-24 15:48:36'),
(905, 2000000035, 25, 28, 125, NULL, '2026-04-24 15:48:36'),
(906, 2000000045, 26, 28, 125, NULL, '2026-04-24 15:48:36'),
(907, 2000000046, 27, 28, 125, NULL, '2026-04-24 15:48:36'),
(908, 2000000013, 28, 28, 125, NULL, '2026-04-24 15:48:36'),
(909, 2000000021, 29, 28, 125, NULL, '2026-04-24 15:48:36'),
(910, 2000000028, 30, 28, 125, NULL, '2026-04-24 15:48:36'),
(911, 2000000001, 1, 28, 126, NULL, '2026-04-24 15:48:36'),
(912, 2000000016, 2, 28, 126, NULL, '2026-04-24 15:48:36'),
(913, 2000000035, 3, 28, 126, NULL, '2026-04-24 15:48:36'),
(914, 2000000022, 4, 28, 126, NULL, '2026-04-24 15:48:36'),
(915, 2000000033, 5, 28, 126, NULL, '2026-04-24 15:48:36'),
(916, 2000000034, 6, 28, 126, NULL, '2026-04-24 15:48:36'),
(917, 2000000017, 7, 28, 126, NULL, '2026-04-24 15:48:36'),
(918, 2000000004, 8, 28, 126, NULL, '2026-04-24 15:48:36'),
(919, 2000000026, 9, 28, 126, NULL, '2026-04-24 15:48:36'),
(920, 2000000012, 10, 28, 126, NULL, '2026-04-24 15:48:36'),
(921, 2000000032, 11, 28, 126, NULL, '2026-04-24 15:48:36'),
(922, 2000000015, 12, 28, 126, NULL, '2026-04-24 15:48:36'),
(923, 2000000027, 13, 28, 126, NULL, '2026-04-24 15:48:36'),
(924, 2000000011, 14, 28, 126, NULL, '2026-04-24 15:48:36'),
(925, 2000000028, 15, 28, 126, NULL, '2026-04-24 15:48:36'),
(926, 2000000036, 16, 28, 126, NULL, '2026-04-24 15:48:36'),
(927, 2000000047, 17, 28, 126, NULL, '2026-04-24 15:48:36'),
(928, 2000000042, 18, 28, 126, NULL, '2026-04-24 15:48:36'),
(929, 2000000041, 19, 28, 126, NULL, '2026-04-24 15:48:36'),
(930, 2000000021, 20, 28, 126, NULL, '2026-04-24 15:48:36'),
(931, 2000000019, 21, 28, 126, NULL, '2026-04-24 15:48:36'),
(932, 2000000044, 22, 28, 126, NULL, '2026-04-24 15:48:36'),
(933, 2000000009, 23, 28, 126, NULL, '2026-04-24 15:48:36'),
(934, 2000000038, 24, 28, 126, NULL, '2026-04-24 15:48:36'),
(935, 2000000023, 25, 28, 126, NULL, '2026-04-24 15:48:36'),
(936, 2000000049, 26, 28, 126, NULL, '2026-04-24 15:48:36'),
(937, 2000000018, 27, 28, 126, NULL, '2026-04-24 15:48:36'),
(938, 2000000031, 28, 28, 126, NULL, '2026-04-24 15:48:36'),
(939, 2000000040, 29, 28, 126, NULL, '2026-04-24 15:48:36'),
(940, 2000000002, 30, 28, 126, NULL, '2026-04-24 15:48:36'),
(941, 2000000016, 1, 28, 127, NULL, '2026-04-24 15:48:36'),
(942, 2000000027, 2, 28, 127, NULL, '2026-04-24 15:48:36'),
(943, 2000000040, 3, 28, 127, NULL, '2026-04-24 15:48:36'),
(944, 2000000011, 4, 28, 127, NULL, '2026-04-24 15:48:36'),
(945, 2000000046, 5, 28, 127, NULL, '2026-04-24 15:48:36'),
(946, 2000000009, 6, 28, 127, NULL, '2026-04-24 15:48:36'),
(947, 2000000038, 7, 28, 127, NULL, '2026-04-24 15:48:36'),
(948, 2000000018, 8, 28, 127, NULL, '2026-04-24 15:48:36'),
(949, 2000000037, 9, 28, 127, NULL, '2026-04-24 15:48:36'),
(950, 2000000036, 10, 28, 127, NULL, '2026-04-24 15:48:36'),
(951, 2000000043, 11, 28, 127, NULL, '2026-04-24 15:48:36'),
(952, 2000000006, 12, 28, 127, NULL, '2026-04-24 15:48:36'),
(953, 2000000013, 13, 28, 127, NULL, '2026-04-24 15:48:36'),
(954, 2000000005, 14, 28, 127, NULL, '2026-04-24 15:48:36'),
(955, 2000000035, 15, 28, 127, NULL, '2026-04-24 15:48:36'),
(956, 2000000019, 16, 28, 127, NULL, '2026-04-24 15:48:36'),
(957, 2000000039, 17, 28, 127, NULL, '2026-04-24 15:48:36'),
(958, 2000000031, 18, 28, 127, NULL, '2026-04-24 15:48:36'),
(959, 2000000021, 19, 28, 127, NULL, '2026-04-24 15:48:36'),
(960, 2000000017, 20, 28, 127, NULL, '2026-04-24 15:48:36'),
(961, 2000000012, 21, 28, 127, NULL, '2026-04-24 15:48:36'),
(962, 2000000049, 22, 28, 127, NULL, '2026-04-24 15:48:36'),
(963, 2000000003, 23, 28, 127, NULL, '2026-04-24 15:48:36'),
(964, 2000000014, 24, 28, 127, NULL, '2026-04-24 15:48:36'),
(965, 2000000002, 25, 28, 127, NULL, '2026-04-24 15:48:36'),
(966, 2000000023, 26, 28, 127, NULL, '2026-04-24 15:48:36'),
(967, 2000000032, 27, 28, 127, NULL, '2026-04-24 15:48:36'),
(968, 2000000045, 28, 28, 127, NULL, '2026-04-24 15:48:36'),
(969, 2000000041, 29, 28, 127, NULL, '2026-04-24 15:48:36'),
(970, 2000000026, 30, 28, 127, NULL, '2026-04-24 15:48:36'),
(971, 2000000018, 1, 28, 128, NULL, '2026-04-24 15:48:36'),
(972, 2000000043, 2, 28, 128, NULL, '2026-04-24 15:48:36'),
(973, 2000000045, 3, 28, 128, NULL, '2026-04-24 15:48:36'),
(974, 2000000030, 4, 28, 128, NULL, '2026-04-24 15:48:36'),
(975, 2000000010, 5, 28, 128, NULL, '2026-04-24 15:48:36'),
(976, 2000000004, 6, 28, 128, NULL, '2026-04-24 15:48:36'),
(977, 2000000024, 7, 28, 128, NULL, '2026-04-24 15:48:36'),
(978, 2000000013, 8, 28, 128, NULL, '2026-04-24 15:48:36'),
(979, 2000000014, 9, 28, 128, NULL, '2026-04-24 15:48:36'),
(980, 2000000048, 10, 28, 128, NULL, '2026-04-24 15:48:36'),
(981, 2000000007, 11, 28, 128, NULL, '2026-04-24 15:48:36'),
(982, 2000000049, 12, 28, 128, NULL, '2026-04-24 15:48:36'),
(983, 2000000040, 13, 28, 128, NULL, '2026-04-24 15:48:36'),
(984, 2000000006, 14, 28, 128, NULL, '2026-04-24 15:48:36'),
(985, 2000000026, 15, 28, 128, NULL, '2026-04-24 15:48:36'),
(986, 2000000042, 16, 28, 128, NULL, '2026-04-24 15:48:36'),
(987, 2000000016, 17, 28, 128, NULL, '2026-04-24 15:48:36'),
(988, 2000000002, 18, 28, 128, NULL, '2026-04-24 15:48:36'),
(989, 2000000029, 19, 28, 128, NULL, '2026-04-24 15:48:36'),
(990, 2000000008, 20, 28, 128, NULL, '2026-04-24 15:48:36'),
(991, 2000000039, 21, 28, 128, NULL, '2026-04-24 15:48:36'),
(992, 2000000046, 22, 28, 128, NULL, '2026-04-24 15:48:36'),
(993, 2000000034, 23, 28, 128, NULL, '2026-04-24 15:48:36'),
(994, 2000000027, 24, 28, 128, NULL, '2026-04-24 15:48:36'),
(995, 2000000038, 25, 28, 128, NULL, '2026-04-24 15:48:36'),
(996, 2000000032, 26, 28, 128, NULL, '2026-04-24 15:48:36'),
(997, 2000000005, 27, 28, 128, NULL, '2026-04-24 15:48:36'),
(998, 2000000023, 28, 28, 128, NULL, '2026-04-24 15:48:36'),
(999, 2000000001, 29, 28, 128, NULL, '2026-04-24 15:48:36'),
(1000, 2000000037, 30, 28, 128, NULL, '2026-04-24 15:48:36'),
(1001, 2000000036, 1, 27, 129, NULL, '2026-04-24 15:48:36'),
(1002, 2000000034, 2, 27, 129, NULL, '2026-04-24 15:48:36'),
(1003, 2000000025, 3, 27, 129, NULL, '2026-04-24 15:48:36'),
(1004, 2000000046, 4, 27, 129, NULL, '2026-04-24 15:48:36'),
(1005, 2000000010, 5, 27, 129, NULL, '2026-04-24 15:48:36'),
(1006, 2000000016, 6, 27, 129, NULL, '2026-04-24 15:48:36'),
(1007, 2000000042, 7, 27, 129, NULL, '2026-04-24 15:48:36'),
(1008, 2000000029, 8, 27, 129, NULL, '2026-04-24 15:48:36'),
(1009, 2000000048, 9, 27, 129, NULL, '2026-04-24 15:48:36'),
(1010, 2000000022, 10, 27, 129, NULL, '2026-04-24 15:48:36'),
(1011, 2000000040, 11, 27, 129, NULL, '2026-04-24 15:48:36'),
(1012, 2000000026, 12, 27, 129, NULL, '2026-04-24 15:48:36'),
(1013, 2000000011, 13, 27, 129, NULL, '2026-04-24 15:48:36'),
(1014, 2000000041, 14, 27, 129, NULL, '2026-04-24 15:48:36'),
(1015, 2000000021, 15, 27, 129, NULL, '2026-04-24 15:48:36'),
(1016, 2000000023, 16, 27, 129, NULL, '2026-04-24 15:48:36'),
(1017, 2000000033, 17, 27, 129, NULL, '2026-04-24 15:48:36'),
(1018, 2000000045, 18, 27, 129, NULL, '2026-04-24 15:48:36'),
(1019, 2000000038, 19, 27, 129, NULL, '2026-04-24 15:48:36'),
(1020, 2000000027, 20, 27, 129, NULL, '2026-04-24 15:48:36'),
(1021, 2000000032, 21, 27, 129, NULL, '2026-04-24 15:48:36'),
(1022, 2000000039, 22, 27, 129, NULL, '2026-04-24 15:48:36'),
(1023, 2000000050, 23, 27, 129, NULL, '2026-04-24 15:48:36'),
(1024, 2000000008, 24, 27, 129, NULL, '2026-04-24 15:48:36'),
(1025, 2000000015, 25, 27, 129, NULL, '2026-04-24 15:48:36'),
(1026, 2000000049, 26, 27, 129, NULL, '2026-04-24 15:48:36'),
(1027, 2000000024, 27, 27, 129, NULL, '2026-04-24 15:48:36'),
(1028, 2000000014, 28, 27, 129, NULL, '2026-04-24 15:48:36'),
(1029, 2000000017, 29, 27, 129, NULL, '2026-04-24 15:48:36'),
(1030, 2000000007, 30, 27, 129, NULL, '2026-04-24 15:48:36'),
(1031, 2000000039, 1, 28, 130, NULL, '2026-04-24 15:48:36'),
(1032, 2000000030, 2, 28, 130, NULL, '2026-04-24 15:48:36'),
(1033, 2000000001, 3, 28, 130, NULL, '2026-04-24 15:48:36'),
(1034, 2000000032, 4, 28, 130, NULL, '2026-04-24 15:48:36'),
(1035, 2000000020, 5, 28, 130, NULL, '2026-04-24 15:48:36'),
(1036, 2000000029, 6, 28, 130, NULL, '2026-04-24 15:48:36'),
(1037, 2000000015, 7, 28, 130, NULL, '2026-04-24 15:48:36'),
(1038, 2000000012, 8, 28, 130, NULL, '2026-04-24 15:48:36'),
(1039, 2000000023, 9, 28, 130, NULL, '2026-04-24 15:48:36'),
(1040, 2000000022, 10, 28, 130, NULL, '2026-04-24 15:48:36'),
(1041, 2000000037, 11, 28, 130, NULL, '2026-04-24 15:48:36'),
(1042, 2000000033, 12, 28, 130, NULL, '2026-04-24 15:48:36'),
(1043, 2000000046, 13, 28, 130, NULL, '2026-04-24 15:48:36'),
(1044, 2000000014, 14, 28, 130, NULL, '2026-04-24 15:48:36'),
(1045, 2000000010, 15, 28, 130, NULL, '2026-04-24 15:48:36'),
(1046, 2000000047, 16, 28, 130, NULL, '2026-04-24 15:48:36'),
(1047, 2000000018, 17, 28, 130, NULL, '2026-04-24 15:48:36'),
(1048, 2000000044, 18, 28, 130, NULL, '2026-04-24 15:48:36'),
(1049, 2000000034, 19, 28, 130, NULL, '2026-04-24 15:48:36'),
(1050, 2000000041, 20, 28, 130, NULL, '2026-04-24 15:48:36'),
(1051, 2000000026, 21, 28, 130, NULL, '2026-04-24 15:48:36'),
(1052, 2000000003, 22, 28, 130, NULL, '2026-04-24 15:48:36'),
(1053, 2000000048, 23, 28, 130, NULL, '2026-04-24 15:48:36'),
(1054, 2000000004, 24, 28, 130, NULL, '2026-04-24 15:48:36'),
(1055, 2000000038, 25, 28, 130, NULL, '2026-04-24 15:48:36'),
(1056, 2000000007, 26, 28, 130, NULL, '2026-04-24 15:48:36'),
(1057, 2000000042, 27, 28, 130, NULL, '2026-04-24 15:48:36'),
(1058, 2000000011, 28, 28, 130, NULL, '2026-04-24 15:48:36'),
(1059, 2000000005, 29, 28, 130, NULL, '2026-04-24 15:48:36'),
(1060, 2000000043, 30, 28, 130, NULL, '2026-04-24 15:48:36');

--
-- Indexes for dumped tables
--

--
-- Indexes for table `dep`
--
ALTER TABLE `dep`
  ADD PRIMARY KEY (`id`);

--
-- Indexes for table `fname`
--
ALTER TABLE `fname`
  ADD PRIMARY KEY (`id`);

--
-- Indexes for table `group`
--
ALTER TABLE `group`
  ADD PRIMARY KEY (`id`);

--
-- Indexes for table `holiday`
--
ALTER TABLE `holiday`
  ADD PRIMARY KEY (`id`);

--
-- Indexes for table `line`
--
ALTER TABLE `line`
  ADD PRIMARY KEY (`id`);

--
-- Indexes for table `profile`
--
ALTER TABLE `profile`
  ADD PRIMARY KEY (`id`),
  ADD UNIQUE KEY `user_id` (`user_id`);

--
-- Indexes for table `user`
--
ALTER TABLE `user`
  ADD PRIMARY KEY (`id`),
  ADD UNIQUE KEY `username` (`username`),
  ADD UNIQUE KEY `password_reset_token` (`password_reset_token`);

--
-- Indexes for table `ven`
--
ALTER TABLE `ven`
  ADD PRIMARY KEY (`id`);

--
-- Indexes for table `ven_change`
--
ALTER TABLE `ven_change`
  ADD PRIMARY KEY (`id`);

--
-- Indexes for table `ven_com`
--
ALTER TABLE `ven_com`
  ADD PRIMARY KEY (`id`);

--
-- Indexes for table `ven_name`
--
ALTER TABLE `ven_name`
  ADD PRIMARY KEY (`id`);

--
-- Indexes for table `ven_name_sub`
--
ALTER TABLE `ven_name_sub`
  ADD PRIMARY KEY (`id`);

--
-- Indexes for table `ven_user`
--
ALTER TABLE `ven_user`
  ADD PRIMARY KEY (`vu_id`) USING BTREE;

--
-- AUTO_INCREMENT for dumped tables
--

--
-- AUTO_INCREMENT for table `dep`
--
ALTER TABLE `dep`
  MODIFY `id` int(11) NOT NULL AUTO_INCREMENT, AUTO_INCREMENT=22;

--
-- AUTO_INCREMENT for table `fname`
--
ALTER TABLE `fname`
  MODIFY `id` int(11) NOT NULL AUTO_INCREMENT, AUTO_INCREMENT=7;

--
-- AUTO_INCREMENT for table `group`
--
ALTER TABLE `group`
  MODIFY `id` int(11) NOT NULL AUTO_INCREMENT, AUTO_INCREMENT=9;

--
-- AUTO_INCREMENT for table `holiday`
--
ALTER TABLE `holiday`
  MODIFY `id` int(11) NOT NULL AUTO_INCREMENT, AUTO_INCREMENT=4;

--
-- AUTO_INCREMENT for table `line`
--
ALTER TABLE `line`
  MODIFY `id` int(11) NOT NULL AUTO_INCREMENT, AUTO_INCREMENT=40;

--
-- AUTO_INCREMENT for table `user`
--
ALTER TABLE `user`
  MODIFY `id` int(11) NOT NULL AUTO_INCREMENT, AUTO_INCREMENT=1680161972;

--
-- AUTO_INCREMENT for table `ven`
--
ALTER TABLE `ven`
  MODIFY `id` int(11) NOT NULL AUTO_INCREMENT, AUTO_INCREMENT=1777240271;

--
-- AUTO_INCREMENT for table `ven_com`
--
ALTER TABLE `ven_com`
  MODIFY `id` int(11) NOT NULL AUTO_INCREMENT, AUTO_INCREMENT=1777000554;

--
-- AUTO_INCREMENT for table `ven_name`
--
ALTER TABLE `ven_name`
  MODIFY `id` int(11) NOT NULL AUTO_INCREMENT, AUTO_INCREMENT=29;

--
-- AUTO_INCREMENT for table `ven_name_sub`
--
ALTER TABLE `ven_name_sub`
  MODIFY `id` int(11) NOT NULL AUTO_INCREMENT, AUTO_INCREMENT=131;

--
-- AUTO_INCREMENT for table `ven_user`
--
ALTER TABLE `ven_user`
  MODIFY `vu_id` int(11) NOT NULL AUTO_INCREMENT, AUTO_INCREMENT=1061;
COMMIT;

/*!40101 SET CHARACTER_SET_CLIENT=@OLD_CHARACTER_SET_CLIENT */;
/*!40101 SET CHARACTER_SET_RESULTS=@OLD_CHARACTER_SET_RESULTS */;
/*!40101 SET COLLATION_CONNECTION=@OLD_COLLATION_CONNECTION */;
